target_icd,rank,prs_icd,auc
C34,1,C34,0.553412037647724
C34,2,F17,0.5384873464955702
C34,3,J44,0.5381347064753612
C34,4,J43,0.5324535017414601
C34,5,I71,0.530721346163595
C34,6,N62,0.528944017163172
C34,7,I70,0.5269139847853532
C34,8,E21,0.5262014734648143
C34,9,I50,0.5259907465130983
C34,10,I63,0.5250019759859091
C44,1,C44,0.6163590415094744
C44,2,L57,0.5750880181693346
C44,3,D04,0.5506540185698171
C44,4,D25,0.5176780808056586
C44,5,K50,0.5142134491016459
C44,6,I83,0.5137152115238033
C44,7,N40,0.5127641898626032
C44,8,K81,0.5104727317905562
C44,9,I87,0.5095834044983619
C44,10,D03,0.5094169195990814
D03,1,C44,0.5862371146724782
D03,2,D04,0.5703978186137287
D03,3,L57,0.5636065698907421
D03,4,D03,0.5454988436634318
D03,5,N81,0.5338508095979699
D03,6,D32,0.5307162526503048
D03,7,D25,0.5293397941450797
D03,8,D05,0.5282407657316609
D03,9,K35,0.5271576451120564
D03,10,S42,0.5270384034529888
D04,1,L57,0.5911677316507273
D04,2,C44,0.5817621202803913
D04,3,D04,0.5741911920377986
D04,4,D03,0.520300555091066
D04,5,G47,0.519619835874581
D04,6,N80,0.5187851957155347
D04,7,K51,0.5185086317621884
D04,8,N40,0.5171071661143605
D04,9,N81,0.5168561629811068
D04,10,I50,0.5147763008535221
D05,1,D05,0.5683669271755047
D05,2,D32,0.5195328623207914
D05,3,N62,0.5167915187889837
D05,4,M06,0.5163605159613616
D05,5,G25,0.5154245234547253
D05,6,D51,0.5152785312572966
D05,7,K60,0.515034847230764
D05,8,D24,0.5149386910061422
D05,9,M05,0.5145335961439672
D05,10,N42,0.5142064913022074
D24,1,D24,0.5430868728408341
D24,2,D05,0.5367340162533456
D24,3,N62,0.5211237909594686
D24,4,K80,0.5206996972868628
D24,5,N20,0.5178286333119357
D24,6,N40,0.5162071840954923
D24,7,H33,0.5157229013751491
D24,8,D25,0.5149647344660333
D24,9,E10,0.5148442395169613
D24,10,I70,0.5145676299689869
D25,1,D25,0.5743929398339062
D25,2,N80,0.5168323216088573
D25,3,D32,0.5144937909855061
D25,4,J42,0.511756234683241
D25,5,K57,0.511438281443357
D25,6,I87,0.5113085176701925
D25,7,E21,0.5101251743812028
D25,8,E16,0.5098773295238408
D25,9,I10,0.509849761266816
D25,10,I70,0.5093673288558214
D32,1,D25,0.5335614754036035
D32,2,D32,0.531831392397354
D32,3,C44,0.5304435525670901
D32,4,K35,0.5297967358623485
D32,5,I71,0.5296644158094761
D32,6,I70,0.529655220374341
D32,7,I72,0.5290167378266274
D32,8,L97,0.528558528927862
D32,9,S32,0.5281787548790132
D32,10,F03,0.5274369101428368
D51,1,M51,0.530363681968121
D51,2,D51,0.5287542986482545
D51,3,E03,0.5285830878789348
D51,4,M06,0.5258681151943478
D51,5,K43,0.5247430922648191
D51,6,S82,0.5242756541195966
D51,7,E66,0.5236977023101325
D51,8,M50,0.5232976573802891
D51,9,I50,0.5217538895872665
D51,10,E16,0.5201374005441444
E03,1,E03,0.6131212215622789
E03,2,E06,0.5437964678992058
E03,3,D51,0.536477037101592
E03,4,M06,0.5330893566117006
E03,5,M05,0.530724143813273
E03,6,E66,0.5239703008224725
E03,7,M32,0.5196395120993497
E03,8,E10,0.5170649351636856
E03,9,J35,0.5155275098524754
E03,10,E16,0.5150939336150778
E04,1,E04,0.5642929299060081
E04,2,E05,0.5472194104461245
E04,3,D25,0.5164210987865424
E04,4,E06,0.5141390342946578
E04,5,E11,0.5122336970915016
E04,6,N80,0.5106354717740615
E04,7,I50,0.5105789747516468
E04,8,E66,0.5097815914121006
E04,9,I48,0.5094182378803419
E04,10,M51,0.5093819514389456
E05,1,E05,0.5949212698455928
E05,2,E04,0.5565940043236749
E05,3,M05,0.533782441445632
E05,4,D51,0.5321795407268708
E05,5,M06,0.5308010655881337
E05,6,E10,0.5261242610670065
E05,7,E06,0.5209308424351942
E05,8,E03,0.5209116619636359
E05,9,J35,0.5204771361640318
E05,10,S82,0.5193545223795751
E06,1,E03,0.6283636423782082
E06,2,D51,0.5644036171681159
E06,3,E06,0.5577359979865623
E06,4,M05,0.5571081160363843
E06,5,M06,0.5532100022294119
E06,6,E05,0.551137923708591
E06,7,E10,0.5379036313171018
E06,8,M32,0.5309333994803682
E06,9,E16,0.5259990134714745
E06,10,E04,0.5218087322785206
E10,1,E11,0.5640003924189076
E10,2,D51,0.5581642925136957
E10,3,E10,0.556929992238495
E10,4,E03,0.5475404027253438
E10,5,M06,0.5437839096439702
E10,6,E05,0.5407261204722142
E10,7,E66,0.5404338501126578
E10,8,M05,0.5386824187171761
E10,9,I10,0.5374525822768359
E10,10,E16,0.5296179311342303
E11,1,E11,0.6354404830521694
E11,2,E66,0.5819384732444021
E11,3,I10,0.5598373769201683
E11,4,I71,0.5504333078791458
E11,5,I70,0.5452147887486583
E11,6,I50,0.5414245793795125
E11,7,M17,0.5396169617815059
E11,8,M51,0.5395848480477736
E11,9,G56,0.5379136250823703
E11,10,I25,0.5354868577926509
E16,1,E11,0.5463485084093431
E16,2,E66,0.5457059121169986
E16,3,I10,0.5395877375187531
E16,4,M47,0.5373855344708713
E16,5,M51,0.5372055360093415
E16,6,F32,0.5339841050929052
E16,7,I50,0.5324934138832594
E16,8,F33,0.5323489472597103
E16,9,I71,0.5312838501534882
E16,10,F10,0.5287131568301003
E21,1,E21,0.5456740798933147
E21,2,E66,0.5313326838792884
E21,3,E11,0.5254658716300226
E21,4,I71,0.5239667103846237
E21,5,I10,0.5230584844309468
E21,6,I70,0.5217093730365678
E21,7,M10,0.5191208138136361
E21,8,J44,0.5182837952378245
E21,9,I50,0.5174686881255239
E21,10,D32,0.5161441153890939
E66,1,E66,0.6026742979097817
E66,2,E11,0.5584201201387192
E66,3,I10,0.5519198840987225
E66,4,M17,0.5507032856661747
E66,5,G56,0.5419726935211325
E66,6,I71,0.5409198382894895
E66,7,I50,0.539915837511483
E66,8,M19,0.5337310403669774
E66,9,M51,0.5316259959945969
E66,10,I70,0.529201989357876
E78,1,E78,0.5819077111051673
E78,2,I25,0.5459320765972691
E78,3,I20,0.5432807442522454
E78,4,I21,0.5403739532566463
E78,5,E11,0.5399020511199455
E78,6,I10,0.5338820362280033
E78,7,I71,0.5288030422657364
E78,8,E66,0.5280165628182334
E78,9,F03,0.5248471544154246
E78,10,I70,0.5216755627529497
F03,1,F10,0.6059589819119189
F03,2,F32,0.5995521296196742
F03,3,F31,0.5922644851347645
F03,4,J44,0.5863259057980436
F03,5,F41,0.5830682266714249
F03,6,F33,0.582200016110225
F03,7,M50,0.5773036397884953
F03,8,K57,0.575931736373106
F03,9,I12,0.5757998672471341
F03,10,I69,0.5690879186506687
F10,1,F10,0.5771338977954521
F10,2,F32,0.5515013160313317
F10,3,F33,0.5404999129158397
F10,4,F41,0.5375949852693591
F10,5,S82,0.530062641526893
F10,6,J44,0.5292471361084855
F10,7,F31,0.5289535846494964
F10,8,M51,0.5282729922613213
F10,9,F60,0.5279588862194253
F10,10,F17,0.5258133644700971
F17,1,F10,0.5731189165581316
F17,2,F32,0.5607810835449338
F17,3,M51,0.557895866102478
F17,4,J44,0.550836560785339
F17,5,E66,0.5507424021017553
F17,6,I71,0.5493912447865734
F17,7,M47,0.5490032926689251
F17,8,F33,0.5470333528979038
F17,9,I70,0.5468395654704077
F17,10,E11,0.5434154159643788
F31,1,F32,0.5888196847763424
F31,2,F33,0.5749406183262088
F31,3,F41,0.5638563373032166
F31,4,F10,0.562977622981107
F31,5,F60,0.5626887057592032
F31,6,F31,0.5611121771737194
F31,7,E66,0.5524648657744837
F31,8,M51,0.5492602273612404
F31,9,M47,0.5450430532112257
F31,10,M50,0.5418388203042025
F32,1,F32,0.5489649107158715
F32,2,F33,0.5460327063442242
F32,3,F41,0.5345179513141302
F32,4,M51,0.53348660127669
F32,5,E66,0.5333577132216888
F32,6,F10,0.5323679139568205
F32,7,M47,0.5296773807980647
F32,8,M50,0.5275841777594907
F32,9,I10,0.5271782850853364
F32,10,M19,0.5262144846836264
F33,1,F32,0.5476217982955266
F33,2,F33,0.5445481229964338
F33,3,F41,0.5342393293322352
F33,4,F10,0.5299624780072801
F33,5,M51,0.5294773815943481
F33,6,E66,0.528570107465919
F33,7,F60,0.528516118011517
F33,8,M47,0.5265827482462708
F33,9,M50,0.5249799375951006
F33,10,F31,0.5223642661275381
F41,1,F32,0.5480775552578164
F41,2,F33,0.5454855232632609
F41,3,F41,0.540156873796671
F41,4,F10,0.5347701105106679
F41,5,M51,0.5318583093149072
F41,6,M47,0.5311712753210334
F41,7,F60,0.5270101051979317
F41,8,M50,0.5265250912333491
F41,9,I10,0.5258359485458952
F41,10,E66,0.5237746061399048
F60,1,F32,0.5716088943403212
F60,2,F33,0.5647836150287868
F60,3,F60,0.5520621888884254
F60,4,F41,0.5499313201155821
F60,5,F10,0.5495829889204717
F60,6,M51,0.5460426088468452
F60,7,E66,0.544205003624815
F60,8,M47,0.53913668839626
F60,9,M19,0.5367033945630224
F60,10,F31,0.5364788733587762
G25,1,G25,0.5567942648591047
G25,2,M51,0.5284761788131597
G25,3,M47,0.5241789524183724
G25,4,M50,0.5234575313866278
G25,5,F33,0.5229951981447704
G25,6,F32,0.5228661248869023
G25,7,G43,0.5222567887821271
G25,8,G56,0.5192926346375942
G25,9,I10,0.5189992088344122
G25,10,M19,0.5182184697915332
G35,1,G35,0.5916682081742706
G35,2,J44,0.5276204896019132
G35,3,I48,0.5248166601075808
G35,4,K50,0.5232973519591959
G35,5,O26,0.5222598554008965
G35,6,J45,0.520552126000087
G35,7,M51,0.5202941749319333
G35,8,M96,0.5189537305243854
G35,9,F33,0.5185788806621946
G35,10,F32,0.5176619394381714
G43,1,G43,0.5650502221710816
G43,2,M51,0.5278970804873903
G43,3,F33,0.5264827497113269
G43,4,F32,0.5262044116375958
G43,5,M50,0.5244776165217685
G43,6,M47,0.522836525764902
G43,7,M19,0.5201125202926395
G43,8,F41,0.5178000782036893
G43,9,K57,0.5175830179223048
G43,10,G56,0.5158722927608782
G47,1,E66,0.5420609763402771
G47,2,I10,0.5274781041052065
G47,3,E11,0.5272175401488448
G47,4,M51,0.5255861655341124
G47,5,M47,0.5246452784187965
G47,6,F33,0.5241320563619037
G47,7,F32,0.5240631989191742
G47,8,M17,0.5239918868454314
G47,9,M19,0.5236213876733228
G47,10,M50,0.5213247446829655
G56,1,G56,0.561053646420573
G56,2,E66,0.5329977502984792
G56,3,M19,0.5313784558323923
G56,4,M47,0.5304354218421787
G56,5,M50,0.5281133417563987
G56,6,M51,0.5277243250308857
G56,7,M17,0.5274999010982493
G56,8,E11,0.5241160699958605
G56,9,I10,0.5188013976458401
G56,10,F32,0.5155073644220368
G58,1,G56,0.533948626658154
G58,2,M17,0.5338052362204265
G58,3,M51,0.533608261349275
G58,4,F32,0.5307925854202353
G58,5,M19,0.5307437811719401
G58,6,M50,0.5292380681569618
G58,7,M47,0.5283590253306398
G58,8,F60,0.5269243147634083
G58,9,S22,0.5262417760686205
G58,10,D51,0.5246596354141868
H33,1,H33,0.5539155908680323
H33,2,C34,0.5211690225966282
H33,3,K40,0.5206029625495793
H33,4,J43,0.5177521996211929
H33,5,E10,0.5172178142578744
H33,6,J44,0.5159530824457756
H33,7,M86,0.5152310384859751
H33,8,F17,0.5151097669756759
H33,9,N42,0.5146501239230954
H33,10,M06,0.5138185536873526
H40,1,H40,0.5778039599405932
H40,2,E11,0.5120861589735941
H40,3,K60,0.51004383152831
H40,4,G58,0.5099251178481392
H40,5,H33,0.5089831333724041
H40,6,K42,0.5081436842070055
H40,7,I69,0.5079765200363466
H40,8,E16,0.5078590124507208
H40,9,D24,0.5077784046115892
H40,10,E10,0.5077137604726139
I10,1,I10,0.6074588198893428
I10,2,I71,0.5624417789773438
I10,3,E66,0.5611069498398477
I10,4,E11,0.5586792952523123
I10,5,I48,0.5436953178381778
I10,6,I25,0.5435124920537552
I10,7,I50,0.5429270337158426
I10,8,I20,0.5426029802979274
I10,9,I70,0.5403412945741859
I10,10,I21,0.5369817897937925
I12,1,I10,0.5649078535658009
I12,2,E11,0.5625120194637524
I12,3,E66,0.5588233918331055
I12,4,I71,0.5490022503681916
I12,5,N18,0.5400500252871104
I12,6,I50,0.5396387949529047
I12,7,M17,0.5374835877517237
I12,8,I70,0.5341498468455796
I12,9,I25,0.533883476855941
I12,10,I20,0.5336247672762753
I20,1,I25,0.5602159589684527
I20,2,I20,0.5576658770209973
I20,3,I21,0.5523433282662017
I20,4,I10,0.5501448419574206
I20,5,I71,0.5391373986917102
I20,6,E11,0.5382941496393114
I20,7,E66,0.5348933626666886
I20,8,I50,0.5337452521523164
I20,9,F32,0.5327777626072309
I20,10,F33,0.531909176775754
I21,1,I25,0.5780708834710532
I21,2,I21,0.5744904817815332
I21,3,I20,0.5730430099692092
I21,4,I10,0.5626297675492329
I21,5,I71,0.5570147980163143
I21,6,E11,0.5526476854628755
I21,7,E66,0.5499986689895437
I21,8,I70,0.5483041851619517
I21,9,E78,0.5452907024271063
I21,10,I50,0.537096851351831
I25,1,I25,0.58252114673203
I25,2,I20,0.5791617765693453
I25,3,I21,0.575193215014081
I25,4,I71,0.5579870758782525
I25,5,I10,0.5557825384104843
I25,6,E78,0.5518326603828955
I25,7,I70,0.547765262537881
I25,8,E11,0.5448624983925312
I25,9,E66,0.5400416305166673
I25,10,I50,0.5361470198015488
I26,1,I26,0.596768340355688
I26,2,I80,0.5823997778178831
I26,3,E66,0.5446199852795399
I26,4,M17,0.5329509365082007
I26,5,I71,0.5298479584913852
I26,6,I87,0.5275968930914312
I26,7,I50,0.5271807466682609
I26,8,M51,0.5243794048928168
I26,9,I83,0.5230916646722935
I26,10,F60,0.5217181265762869
I27,1,E66,0.5568364775463767
I27,2,I50,0.5465627275961563
I27,3,I71,0.545250113419913
I27,4,M17,0.5432388075806762
I27,5,I10,0.5409048534434027
I27,6,G56,0.5356638139475974
I27,7,I48,0.5351281329016365
I27,8,E11,0.5348850648616248
I27,9,I70,0.5327209472648756
I27,10,M19,0.5301458465902448
I42,1,I50,0.5438584100468032
I42,2,I10,0.5400494411621203
I42,3,I71,0.5396439364672915
I42,4,E66,0.534945860128725
I42,5,I48,0.5345655516105269
I42,6,I42,0.534281638809445
I42,7,E11,0.5295016133923827
I42,8,M51,0.5276061747812816
I42,9,M17,0.5272604727229282
I42,10,F32,0.5269445237991995
I48,1,I48,0.6018494663278416
I48,2,I50,0.5506868424986708
I48,3,I71,0.5439052338219988
I48,4,I42,0.5410669360648966
I48,5,I10,0.540313143448058
I48,6,E66,0.5350914731218582
I48,7,I63,0.5280041654430742
I48,8,M17,0.526974502674346
I48,9,L97,0.525390114302255
I48,10,I25,0.5229981726589369
I50,1,E66,0.5658520050915503
I50,2,I10,0.5614245219982779
I50,3,I50,0.5575235411759177
I50,4,E11,0.5530451065880465
I50,5,I71,0.553003449151159
I50,6,M51,0.5426539373984022
I50,7,I48,0.5416348991696518
I50,8,M17,0.5397392505352311
I50,9,F32,0.5376497136147087
I50,10,F10,0.5371695636432979
I63,1,I10,0.551682228731514
I63,2,I71,0.5449618946643061
I63,3,E11,0.5319695225604687
I63,4,I20,0.5315428112904546
I63,5,I63,0.5303621903450892
I63,6,I69,0.5297086564603763
I63,7,I21,0.528190939720128
I63,8,I25,0.5278780331803304
I63,9,I70,0.5272119813252023
I63,10,E78,0.5266247339101954
I69,1,I71,0.5516336568294286
I69,2,I10,0.5487653166540117
I69,3,I63,0.5451214162547237
I69,4,I50,0.5418946615239407
I69,5,E66,0.5414064994751745
I69,6,E11,0.5402575185916075
I69,7,I21,0.5394260552784004
I69,8,I48,0.5390370517578047
I69,9,I20,0.53703899656411
I69,10,F32,0.5365575733163535
I70,1,I70,0.551090832986055
I70,2,I71,0.5497712164561209
I70,3,I25,0.5467422516491863
I70,4,I20,0.5451392239975167
I70,5,I10,0.5444885157908227
I70,6,I21,0.54015922049581
I70,7,E66,0.5396950838999462
I70,8,E11,0.5379333176501663
I70,9,E78,0.5365417146801782
I70,10,M51,0.5344094434547455
I71,1,I71,0.5489298424824609
I71,2,I48,0.5435240217936871
I71,3,I10,0.5332157104931013
I71,4,I83,0.5318095107187149
I71,5,M19,0.5293999932202508
I71,6,F33,0.5259607568277539
I71,7,G43,0.5250513943411087
I71,8,M17,0.5249919373001152
I71,9,I87,0.5243973546411277
I71,10,K80,0.5243410713700991
I72,1,I71,0.5441849063517853
I72,2,I10,0.5436653018602597
I72,3,I63,0.5421499904158247
I72,4,G43,0.5404219822335236
I72,5,M51,0.5366249908063455
I72,6,I48,0.5333637184050695
I72,7,S22,0.5284455874710133
I72,8,F32,0.5280618239277146
I72,9,I69,0.5274301896930113
I72,10,O03,0.5256497053965854
I80,1,I26,0.573516029642155
I80,2,I80,0.566406478390998
I80,3,I87,0.5489998085604694
I80,4,I83,0.5489496803701974
I80,5,E66,0.5394273252101964
I80,6,I71,0.5362150494580809
I80,7,F32,0.5288699468633616
I80,8,I50,0.5241857839599439
I80,9,I70,0.5240676264576832
I80,10,K57,0.5237403690094121
I83,1,I83,0.6004834893324495
I83,2,I87,0.5897805062713731
I83,3,E66,0.5272536244347498
I83,4,I80,0.5240468507359454
I83,5,M17,0.5228744654044861
I83,6,I48,0.5196828407654537
I83,7,K42,0.5165525266014704
I83,8,I26,0.5154167542841326
I83,9,I50,0.5140380982033678
I83,10,N43,0.511681613936762
I87,1,E66,0.554830263278785
I87,2,I83,0.5490152256701617
I87,3,I87,0.5429072898783457
I87,4,M17,0.5328180064823062
I87,5,I71,0.5265851460274672
I87,6,E11,0.524991689986291
I87,7,I80,0.5244098870512612
I87,8,I50,0.5239597994689456
I87,9,I10,0.5229909025183832
I87,10,M16,0.5226356134258313
J33,1,J33,0.5972809932887104
J33,2,J45,0.5651622886375409
J33,3,J40,0.533364212550834
J33,4,E10,0.5266360434884321
J33,5,L97,0.5209455930811888
J33,6,E16,0.5189136457612641
J33,7,N41,0.5182065137806198
J33,8,I12,0.5171274445227135
J33,9,N81,0.5165900676970845
J33,10,D04,0.5164061082426101
J35,1,J35,0.5425327383723864
J35,2,N18,0.5321266785760804
J35,3,S72,0.5266858425509024
J35,4,D03,0.5254841104455923
J35,5,M19,0.52409772249859
J35,6,I69,0.5230093517132208
J35,7,F03,0.5211269398686265
J35,8,M81,0.5204517410549215
J35,9,G47,0.5203563547095098
J35,10,G58,0.5203315180112738
J40,1,E66,0.5297230640075112
J40,2,M51,0.5289299884810748
J40,3,M47,0.5273112729901924
J40,4,I10,0.5222678264630899
J40,5,M50,0.5221140751404855
J40,6,M19,0.5218365058647617
J40,7,I71,0.5216280804301505
J40,8,E11,0.5200400581153303
J40,9,G56,0.5197140490857826
J40,10,M17,0.5196372164299033
J42,1,J44,0.5608276387352606
J42,2,M51,0.5574732644885113
J42,3,E66,0.5565778173321185
J42,4,M47,0.5520311219914392
J42,5,F32,0.5454101694096902
J42,6,M17,0.5444838504777555
J42,7,F31,0.5443571614750526
J42,8,M50,0.5421754691912626
J42,9,F10,0.541585816126341
J42,10,M19,0.5396756938263799
J43,1,J44,0.5624064099341097
J43,2,F10,0.5554204651313334
J43,3,J43,0.5519387342582999
J43,4,F32,0.5496859690592905
J43,5,M51,0.5489096623222466
J43,6,F17,0.5461661890679194
J43,7,M47,0.5454474318254843
J43,8,I71,0.5450568874723536
J43,9,C34,0.5438325031258849
J43,10,I70,0.54263093078861
J44,1,F10,0.56207296700715
J44,2,E66,0.5594427770484511
J44,3,F32,0.5562014516797891
J44,4,J44,0.5539871489989278
J44,5,I71,0.5484873422793347
J44,6,M51,0.5483730922087605
J44,7,I70,0.5446825061008873
J44,8,M47,0.5441294227100658
J44,9,F33,0.5436547838155509
J44,10,I10,0.5434669282395584
J45,1,J45,0.560614501548963
J45,2,J33,0.5360229410292345
J45,3,E66,0.5337063923507118
J45,4,M19,0.5272887419083838
J45,5,M51,0.5267642293179797
J45,6,M47,0.5254552424995187
J45,7,M17,0.5240194759130986
J45,8,F32,0.5232964086177077
J45,9,J40,0.5232731190475851
J45,10,F33,0.5230535208269842
J84,1,J84,0.539291000006316
J84,2,E66,0.5275791285757506
J84,3,M19,0.5233477521506669
J84,4,M51,0.5221881960791405
J84,5,D51,0.5220583623181357
J84,6,F10,0.5216798496288326
J84,7,F32,0.5214347177625331
J84,8,M05,0.5211695788958042
J84,9,G43,0.5208472904878215
J84,10,M50,0.5207383147955335
K35,1,K35,0.560955403789704
K35,2,K74,0.5334150652717614
K35,3,K70,0.52524242287004
K35,4,I27,0.5245658986700699
K35,5,L57,0.5219391515769395
K35,6,K76,0.5215702749643649
K35,7,E04,0.5201357210805982
K35,8,I48,0.5198267643315407
K35,9,S52,0.5195523925132327
K35,10,S42,0.5191092571791235
K40,1,K40,0.5823760672816408
K40,2,K43,0.5485905789250627
K40,3,K42,0.5431000064059004
K40,4,K57,0.5302611293807635
K40,5,I80,0.5295581827452236
K40,6,N81,0.527998808943089
K40,7,F41,0.5253183225412967
K40,8,O03,0.5245407368570062
K40,9,K44,0.5241411148365652
K40,10,I83,0.5227525003025556
K42,1,K42,0.5789485842218896
K42,2,K43,0.5615958280028306
K42,3,E66,0.5418243650180017
K42,4,E11,0.5253007521223719
K42,5,M19,0.5235700631468019
K42,6,M17,0.5226123579274052
K42,7,S82,0.5220571219699691
K42,8,M50,0.5210106781296527
K42,9,O26,0.5205058341720291
K42,10,I10,0.5201168368240202
K43,1,K43,0.5655702886776169
K43,2,E66,0.5568059827544583
K43,3,K42,0.5539867071576451
K43,4,M19,0.5375335403119482
K43,5,M17,0.536503396648276
K43,6,K40,0.5350474539867982
K43,7,M51,0.5308845017105374
K43,8,K57,0.5305523375307013
K43,9,E11,0.5289152881771085
K43,10,I71,0.5284653444222727
K44,1,K44,0.5515771610599441
K44,2,E66,0.5292464154474005
K44,3,F32,0.5259423740346226
K44,4,K57,0.5253493721150675
K44,5,M19,0.525216323575238
K44,6,M47,0.5216832532451996
K44,7,M51,0.5210314232273405
K44,8,M17,0.5205721283012962
K44,9,N81,0.5200486231124872
K44,10,F33,0.5195850244181031
K50,1,K51,0.5916214326856195
K50,2,K50,0.5866714278035031
K50,3,L40,0.5406554582121796
K50,4,I50,0.5276119191700923
K50,5,I69,0.5264242228463542
K50,6,E66,0.5232785359300618
K50,7,F41,0.5203798765081191
K50,8,K60,0.5199119283206816
K50,9,K43,0.5198775658860912
K50,10,O03,0.5194307553110968
K51,1,K51,0.5893889086425315
K51,2,K50,0.5430169445504767
K51,3,L40,0.5220488464499116
K51,4,M05,0.5205155178326927
K51,5,M32,0.5190605472471119
K51,6,E04,0.5187098638715787
K51,7,M16,0.5160407739747231
K51,8,J35,0.5157111747579963
K51,9,M06,0.5154283799580317
K51,10,F32,0.514968520713675
K57,1,K57,0.574424967859583
K57,2,E66,0.5178845565670617
K57,3,K43,0.5155452729512788
K57,4,K44,0.515445407713759
K57,5,I10,0.5151420406718262
K57,6,N81,0.5137111631975376
K57,7,K40,0.5119379994774227
K57,8,I71,0.5117513052141178
K57,9,E11,0.5117081176868121
K57,10,M51,0.5108463727285929
K60,1,K60,0.5386324736522671
K60,2,K50,0.5242799850713961
K60,3,K44,0.5220446062299868
K60,4,F41,0.5196306560304982
K60,5,L40,0.51781317215019
K60,6,N41,0.5177930881598265
K60,7,D03,0.515935749907267
K60,8,I48,0.5159068041742965
K60,9,J35,0.5154272875878525
K60,10,F32,0.5146670140524098
K70,1,F10,0.5737095555355607
K70,2,K70,0.5685630613804591
K70,3,K76,0.5681323230323161
K70,4,K74,0.5660814200673044
K70,5,F60,0.5422289961634932
K70,6,E11,0.5364902431724253
K70,7,F17,0.5317551497321662
K70,8,S82,0.5311959787205256
K70,9,I42,0.5310272950841114
K70,10,I50,0.5296408882230841
K74,1,K76,0.5653438067548708
K74,2,K70,0.5622979943344483
K74,3,E66,0.5608577193150035
K74,4,K74,0.5583402966297201
K74,5,E11,0.5550428903420199
K74,6,I10,0.5417090263406374
K74,7,F10,0.5398578869764282
K74,8,I71,0.5369540013536283
K74,9,I50,0.5332712000992097
K74,10,M51,0.531217949457317
K75,1,K76,0.5751388257840051
K75,2,K74,0.5621678245377685
K75,3,E11,0.559912262648825
K75,4,E66,0.5555668155655952
K75,5,K70,0.5529083422885502
K75,6,I10,0.5398796995954194
K75,7,I71,0.5372955093568964
K75,8,I20,0.5289560906145102
K75,9,I25,0.5277918430992093
K75,10,I50,0.5275481571177305
K76,1,E11,0.5427501129018452
K76,2,E66,0.5405544565664072
K76,3,K76,0.5403471983932269
K76,4,K74,0.5342184302359424
K76,5,I10,0.5308989181087661
K76,6,K70,0.5283373461271288
K76,7,M51,0.526730431816337
K76,8,I71,0.5260918533887531
K76,9,M47,0.5254062808730998
K76,10,M50,0.5232016481034977
K80,1,K80,0.5494493133394984
K80,2,E66,0.5423324041111326
K80,3,K81,0.5376428566814894
K80,4,E11,0.5349622351473842
K80,5,I10,0.5280455895794606
K80,6,I71,0.524741442534266
K80,7,K57,0.5210041694538377
K80,8,I50,0.5197203333572152
K80,9,I70,0.5191971519812089
K80,10,M51,0.5179920914010415
K81,1,E66,0.539849890043422
K81,2,K80,0.539564479248849
K81,3,K81,0.5372733790123647
K81,4,E11,0.5360415304288197
K81,5,I10,0.5323564348645715
K81,6,I50,0.5300495801145086
K81,7,M19,0.5269964511561027
K81,8,K57,0.5269886556398827
K81,9,M17,0.5255593811887039
K81,10,I71,0.5255290338906722
L40,1,L40,0.585490483325477
L40,2,E66,0.5190746292117814
L40,3,E03,0.5187736921339476
L40,4,E78,0.5178337030095145
L40,5,M06,0.5161594015748183
L40,6,E11,0.516122006977842
L40,7,G56,0.5155875287977743
L40,8,M51,0.5153298933084235
L40,9,M81,0.5153190142159104
L40,10,M47,0.5152052370420438
L57,1,L57,0.5494399360100825
L57,2,C44,0.5454951909356078
L57,3,D04,0.5357911334680796
L57,4,D03,0.5124153800949641
L57,5,D25,0.5084773090439213
L57,6,N62,0.507091334765336
L57,7,H33,0.5063950074930036
L57,8,M41,0.5055534392568684
L57,9,D32,0.5053444151442928
L57,10,M05,0.5046942349516785
L97,1,E66,0.5874499879521119
L97,2,E11,0.5774945166979264
L97,3,I10,0.5557370464551391
L97,4,M17,0.5546460164922464
L97,5,I71,0.5511985852028006
L97,6,I50,0.5491295735683484
L97,7,I70,0.5481547741030882
L97,8,M51,0.5419048896505219
L97,9,G56,0.53803544311905
L97,10,L97,0.5364224648243059
M05,1,M05,0.5962998789873445
M05,2,M06,0.5705997007202637
M05,3,E16,0.5421668915558341
M05,4,E03,0.5391047467754695
M05,5,M32,0.5389610351421797
M05,6,D51,0.5360664271486554
M05,7,E10,0.5314527438603974
M05,8,M16,0.5312846936418876
M05,9,K75,0.5312167743855934
M05,10,J84,0.5309213031032312
M06,1,M05,0.5430337015626139
M06,2,M06,0.5338845201920002
M06,3,M17,0.5335640719015635
M06,4,M19,0.5328234173177315
M06,5,M47,0.5322368830903214
M06,6,M51,0.5286770912495016
M06,7,E66,0.5266326790325637
M06,8,G43,0.5263914672768808
M06,9,E03,0.5250593031579257
M06,10,F32,0.5249538202299546
M10,1,M10,0.6094346863528729
M10,2,I10,0.5579054788593235
M10,3,E66,0.5516767143209099
M10,4,I71,0.5491764010922009
M10,5,E11,0.547791675990016
M10,6,I70,0.5404868118375499
M10,7,I25,0.53604563186127
M10,8,M17,0.5357566203066612
M10,9,I20,0.5334587614175329
M10,10,E78,0.5331965249229509
M16,1,M16,0.556612588151855
M16,2,M17,0.5362656088514952
M16,3,M19,0.525780759461102
M16,4,M51,0.525348695846893
M16,5,M47,0.5244686136720911
M16,6,M50,0.5239081491973455
M16,7,E66,0.5202633379066942
M16,8,G56,0.514217227019876
M16,9,E05,0.5127110776395795
M16,10,M96,0.5121256331973725
M17,1,M17,0.5652484149281762
M17,2,E66,0.5435184764681092
M17,3,M19,0.5372730410801646
M17,4,M16,0.5336257535546296
M17,5,G56,0.5288009944301236
M17,6,M47,0.5215060524911538
M17,7,M51,0.5200824547903392
M17,8,E11,0.5166834432409576
M17,9,I10,0.5165807562838023
M17,10,I50,0.5161120947392128
M19,1,M17,0.5416456994852851
M19,2,M19,0.5379395614663947
M19,3,E66,0.5304598251908913
M19,4,M47,0.5278094417597156
M19,5,M16,0.5262789108531554
M19,6,M51,0.5261211713591517
M19,7,G56,0.525867915090642
M19,8,M50,0.522479117627062
M19,9,I10,0.5191402741669744
M19,10,F32,0.5181528544274169
M32,1,M32,0.5632997277259972
M32,2,M47,0.5464080582176264
M32,3,M05,0.5437727493862057
M32,4,E03,0.5392102758444446
M32,5,M51,0.5380030743973991
M32,6,L97,0.5339250340448117
M32,7,G43,0.5319827817548025
M32,8,F33,0.5319041937355713
M32,9,I10,0.5316217787545126
M32,10,M19,0.530412389964036
M41,1,M41,0.5338363409308329
M41,2,M47,0.5316971259018647
M41,3,M51,0.5291474960452023
M41,4,M50,0.5263812251144324
M41,5,M19,0.5256864877025125
M41,6,M17,0.5224808594149267
M41,7,M16,0.52180073906203
M41,8,F41,0.519480059273892
M41,9,N81,0.5185938453512299
M41,10,F32,0.5180119376811384
M47,1,M51,0.5466648371486957
M47,2,M47,0.5458032978478485
M47,3,M50,0.5410285449610505
M47,4,M19,0.5322225422486954
M47,5,M17,0.530343109238181
M47,6,F32,0.5281061276379502
M47,7,G56,0.5265912713130941
M47,8,M16,0.5244654866506934
M47,9,F33,0.5224259038320412
M47,10,F41,0.521750551006441
M50,1,M47,0.5508602277557006
M50,2,M51,0.5484971192105768
M50,3,M50,0.5482931579704146
M50,4,M19,0.5363132693397682
M50,5,F32,0.5322858141852348
M50,6,G56,0.531705978471851
M50,7,F33,0.5289482999663148
M50,8,M17,0.5287122074843413
M50,9,F10,0.525107801370689
M50,10,M16,0.5236777892192882
M51,1,M51,0.5574404700444925
M51,2,M50,0.5462925044830277
M51,3,M47,0.5462358581829572
M51,4,M19,0.5308212763239586
M51,5,M17,0.5294003383814293
M51,6,F32,0.5272346203646628
M51,7,E66,0.5252848440376778
M51,8,G56,0.5248676116055259
M51,9,M16,0.5243910461047407
M51,10,F33,0.5200279406123173
M81,1,M81,0.5680953555608559
M81,2,S52,0.5451474226539391
M81,3,S42,0.5382200374601499
M81,4,S22,0.5281923755334667
M81,5,K44,0.5266493022261477
M81,6,S32,0.5234824055512274
M81,7,M32,0.5228310513344123
M81,8,D24,0.5227602154995756
M81,9,S82,0.5223046647243509
M81,10,F41,0.521473203280421
M86,1,E66,0.5578215993567512
M86,2,E11,0.5545965197730571
M86,3,I71,0.5467006429575835
M86,4,I70,0.5439458081072093
M86,5,M17,0.5437201860127808
M86,6,I10,0.541814928688577
M86,7,M51,0.5399994280642663
M86,8,I50,0.5386382292210318
M86,9,I25,0.5338530899183582
M86,10,I21,0.5334610615509783
M96,1,M51,0.5884734915849607
M96,2,M47,0.5814952994504932
M96,3,M17,0.5653414979014039
M96,4,M50,0.5639771897657073
M96,5,M19,0.562224415748115
M96,6,G56,0.5482337570051312
M96,7,M16,0.5462872326862511
M96,8,G43,0.5400125347152993
M96,9,F32,0.5344245339474037
M96,10,E66,0.5338121079992396
N18,1,E11,0.5506085725304634
N18,2,I10,0.5466985859433247
N18,3,E66,0.5458266956036328
N18,4,N18,0.5406378880045692
N18,5,I71,0.5369260544470446
N18,6,I50,0.5347238924621027
N18,7,M17,0.5294877272194874
N18,8,I70,0.5279043286150144
N18,9,I12,0.5258591507518833
N18,10,G56,0.5245307179648667
N20,1,N20,0.5836720770054605
N20,2,E66,0.5292754760477865
N20,3,E11,0.5276352149708059
N20,4,I10,0.5213398642773119
N20,5,M51,0.5211042113349038
N20,6,G43,0.5201658082458207
N20,7,I71,0.5168547859361917
N20,8,M10,0.5160811869263204
N20,9,K57,0.5150848054802647
N20,10,M47,0.5143362615830809
N40,1,N40,0.5453329737923559
N40,2,N41,0.5167971384357521
N40,3,D32,0.5121232634956586
N40,4,F32,0.5101980579641903
N40,5,G25,0.5093829802306807
N40,6,D25,0.5091101933317166
N40,7,M50,0.5085677010595723
N40,8,E78,0.5084266495860946
N40,9,F33,0.5083777263999864
N40,10,L97,0.5083126185900991
N41,1,N40,0.5571202586567415
N41,2,N41,0.5314576640029838
N41,3,G47,0.5293275866145669
N41,4,F32,0.525441296151028
N41,5,I63,0.524088962893537
N41,6,F41,0.5239359863742264
N41,7,F33,0.5221494244363231
N41,8,K40,0.5218086140426161
N41,9,F10,0.5202471840955335
N41,10,O26,0.5183661394601765
N42,1,N40,0.5701936993395246
N42,2,N81,0.5276321576963184
N42,3,K42,0.5246911582262515
N42,4,L97,0.523603668052308
N42,5,N62,0.5212005296262888
N42,6,S22,0.5210633874218753
N42,7,G35,0.5200087757028193
N42,8,I27,0.5197019142452409
N42,9,M86,0.5185710573036263
N42,10,K75,0.5179516685332358
N43,1,N43,0.5436966134619715
N43,2,K44,0.5283950893932037
N43,3,D32,0.5247795597431776
N43,4,M17,0.523604574368897
N43,5,F03,0.5198089756420553
N43,6,N80,0.519342476934484
N43,7,L97,0.5188889105166722
N43,8,K40,0.5188403016565498
N43,9,M19,0.5185969584797838
N43,10,I63,0.5177542204070427
N62,1,N62,0.5629943526739504
N62,2,I10,0.5193560330541472
N62,3,M51,0.5174588603611064
N62,4,E11,0.5163121960369466
N62,5,J35,0.5161242448788901
N62,6,D32,0.5158813118654489
N62,7,D24,0.5157186265027598
N62,8,H33,0.5151903203941715
N62,9,I83,0.5136271103193568
N62,10,N40,0.5128317690759341
N80,1,N80,0.5595273960858288
N80,2,I69,0.5228719194235472
N80,3,K57,0.5225042296155611
N80,4,I10,0.516765092846123
N80,5,I63,0.5161872261353606
N80,6,I12,0.5161106389528815
N80,7,D25,0.5155331562815412
N80,8,N81,0.5155023464182167
N80,9,I48,0.5154344000518742
N80,10,M47,0.5152044859927396
N81,1,N81,0.5647553818854875
N81,2,K40,0.5229360128836401
N81,3,K57,0.5216745287815081
N81,4,K44,0.5169624175527716
N81,5,G43,0.5144149638842153
N81,6,M19,0.513780174021983
N81,7,N40,0.5133344035158766
N81,8,M17,0.5128107874090353
N81,9,N42,0.5125683082656626
N81,10,K43,0.5111179236342129
O03,1,F60,0.5384468133132825
O03,2,F41,0.5362026827213402
O03,3,E16,0.5360559836442608
O03,4,K44,0.5351041393475432
O03,5,M10,0.5349093097162997
O03,6,J84,0.5341851565283684
O03,7,E03,0.5318260272037265
O03,8,E06,0.5317545907099276
O03,9,J40,0.5310097285624764
O03,10,N40,0.5302099452473751
O26,1,M19,0.5357651211275254
O26,2,F10,0.5320053485508112
O26,3,I10,0.5302505331221088
O26,4,S42,0.5290129623783582
O26,5,M50,0.5280619177305624
O26,6,L97,0.5279727753898462
O26,7,G56,0.5276826818400346
O26,8,M17,0.5260386822531352
O26,9,S22,0.5242301771395207
O26,10,M47,0.5241206146580225
S22,1,F10,0.5405623559267054
S22,2,S42,0.5401162696739783
S22,3,M81,0.5395557440559052
S22,4,S22,0.5356721378863935
S22,5,S72,0.534787877708552
S22,6,S82,0.5344300660106847
S22,7,F32,0.5336951963013392
S22,8,S52,0.5314124041156918
S22,9,M51,0.528250545706247
S22,10,F33,0.5279135562104925
S32,1,S32,0.5478933176959235
S32,2,M81,0.5455184926479437
S32,3,S22,0.5351919091032651
S32,4,S42,0.5342729668897228
S32,5,F32,0.5318729327779664
S32,6,F10,0.5311643758533342
S32,7,M19,0.53008378827621
S32,8,S72,0.527744811639706
S32,9,F41,0.5254498731152263
S32,10,F31,0.5238152185684537
S42,1,S52,0.5436179393484861
S42,2,S42,0.5422294486844412
S42,3,S82,0.5395166110526446
S42,4,M81,0.5383963557623254
S42,5,F10,0.5234585361700597
S42,6,S22,0.5219246985829389
S42,7,S72,0.5215759409076056
S42,8,O26,0.5176190955899586
S42,9,S32,0.5171477452380182
S42,10,I63,0.5164949165264802
S52,1,S52,0.5611732653070262
S52,2,S42,0.5413290464371628
S52,3,S82,0.5401035487015315
S52,4,M81,0.5304473317173913
S52,5,S32,0.5265343296203648
S52,6,S22,0.5231853541566555
S52,7,S72,0.5227407624510825
S52,8,I63,0.5198163127782707
S52,9,N41,0.5176672761220255
S52,10,F32,0.5163694896674019
S72,1,S72,0.5468406651218664
S72,2,S32,0.542144636624266
S72,3,F10,0.5393371018875808
S72,4,M51,0.5389946552046743
S72,5,M16,0.5379463623508023
S72,6,S42,0.5378620523465399
S72,7,I69,0.5368647371376785
S72,8,S52,0.5348861397492751
S72,9,N18,0.5336236535349779
S72,10,D05,0.5331223785175291
S82,1,S82,0.5469688684813955
S82,2,S52,0.5428970547031737
S82,3,M81,0.5279059243609765
S82,4,S42,0.5262770991430953
S82,5,S72,0.5253472303512287
S82,6,M19,0.5218848192597894
S82,7,S22,0.518756086818101
S82,8,I10,0.5182976895151806
S82,9,S32,0.5170461106147783
S82,10,I71,0.5160430652620378
