target_icd,rank,prs_icd,auc,method
C34,1,C34,0.5506177719642134,LDpred2
C34,2,J44,0.545481454142259,LDpred2
C34,3,J43,0.5386887321124243,LDpred2
C34,4,F17,0.5379151754034407,LDpred2
C34,5,J93,0.5339920400348047,LDpred2
C34,6,F10,0.5300942256854891,LDpred2
C34,7,N87,0.5282013770192693,LDpred2
C34,8,M79,0.5245793234066581,LDpred2
C34,9,I71,0.5244411021596178,LDpred2
C34,10,J15,0.5241925032997072,LDpred2
C44,1,C44,0.5957747631836362,LDpred2
C44,2,L57,0.5381281408923606,lassosum2
C44,3,D04,0.5287633249102397,lassosum2
C44,4,D23,0.5269782921319566,C+T
C44,5,N87,0.522457185924457,lassosum2
C44,6,D22,0.5159652986966958,LDpred2
C44,7,H47,0.5144801352863351,lassosum2
C44,8,L21,0.5123196652358787,lassosum2
C44,9,C91,0.5121147306043755,C+T
C44,10,R33,0.5117723864468444,lassosum2
D03,1,D22,0.5584202731116974,lassosum2
D03,2,D03,0.5566138746220919,LDpred2
D03,3,D23,0.5412441811444575,C+T
D03,4,C44,0.5406622042932373,LDpred2
D03,5,G24,0.5372715353044233,C+T
D03,6,D04,0.5313370902438579,lassosum2
D03,7,C91,0.5304106256163575,lassosum2
D03,8,L57,0.5297790536480663,LDpred2
D03,9,N41,0.5252443228892179,C+T
D03,10,D75,0.5250063360398785,C+T
D04,1,C44,0.553114622200879,LDpred2
D04,2,L57,0.5516480119785219,lassosum2
D04,3,D23,0.5388032833838863,C+T
D04,4,L60,0.5341037072859028,C+T
D04,5,D04,0.5315321207994868,C+T
D04,6,O34,0.5295637224048053,lassosum2
D04,7,J02,0.5283350686087732,LDpred2
D04,8,M47,0.5281612209672909,LDpred2
D04,9,N92,0.5277002248738969,C+T
D04,10,L08,0.5270246014021316,lassosum2
D05,1,D05,0.5612201469666739,LDpred2
D05,2,N63,0.5362605418096699,LDpred2
D05,3,N60,0.5312950224260066,LDpred2
D05,4,D24,0.5292014317404412,LDpred2
D05,5,G20,0.5160884235411453,lassosum2
D05,6,D32,0.5150235590441692,lassosum2
D05,7,D36,0.5148979112914561,lassosum2
D05,8,D33,0.5144525186409638,lassosum2
D05,9,M72,0.5137795466543309,lassosum2
D05,10,N62,0.5132955644953862,lassosum2
D24,1,D24,0.5511990960304772,C+T
D24,2,N60,0.5487624005030584,LDpred2
D24,3,D05,0.5402874380413807,LDpred2
D24,4,N63,0.530092457352354,LDpred2
D24,5,D25,0.5224208945441466,lassosum2
D24,6,N62,0.52148921120948,lassosum2
D24,7,D32,0.5211948768970434,lassosum2
D24,8,L21,0.5201000450955213,LDpred2
D24,9,A60,0.5187610229380816,C+T
D24,10,O35,0.5180587195919321,lassosum2
D25,1,D25,0.5733261981344377,lassosum2
D25,2,N92,0.5252308459659635,LDpred2
D25,3,D17,0.525129986367244,C+T
D25,4,N80,0.5191388539114967,LDpred2
D25,5,D32,0.5190656629026857,lassosum2
D25,6,N83,0.5184140488933203,LDpred2
D25,7,N84,0.5160849748195696,LDpred2
D25,8,N97,0.51400038895302,LDpred2
D25,9,N91,0.5131238388930529,LDpred2
D25,10,N85,0.5124227093755483,LDpred2
D32,1,D32,0.5853353704031947,LDpred2
D32,2,D25,0.5419188383122998,lassosum2
D32,3,D17,0.5407263722364251,lassosum2
D32,4,K63,0.531436469267202,LDpred2
D32,5,E66,0.5293993201077021,LDpred2
D32,6,L85,0.5281717819756953,C+T
D32,7,H16,0.5276822209862021,LDpred2
D32,8,R33,0.5258563974461143,LDpred2
D32,9,K55,0.5249101260394226,lassosum2
D32,10,G44,0.5240496088905215,lassosum2
D51,1,D51,0.567744813669427,LDpred2
D51,2,E03,0.5481014465543194,LDpred2
D51,3,M79,0.5468082985440484,LDpred2
D51,4,I71,0.5361620291884986,LDpred2
D51,5,M75,0.5358836786548284,LDpred2
D51,6,M51,0.5355958903136937,LDpred2
D51,7,M47,0.533110653603332,LDpred2
D51,8,N10,0.5329782196334276,LDpred2
D51,9,K29,0.532728926105454,LDpred2
D51,10,M05,0.5327037647977119,C+T
E03,1,E03,0.6212880635319505,lassosum2
E03,2,E06,0.5355870423611235,C+T
E03,3,M05,0.5335220646028351,LDpred2
E03,4,D51,0.5302205746470553,LDpred2
E03,5,K52,0.530113409694625,lassosum2
E03,6,L43,0.529503080136882,LDpred2
E03,7,M06,0.529476872371637,LDpred2
E03,8,E66,0.5226093350085502,LDpred2
E03,9,M35,0.5225119624065354,LDpred2
E03,10,K29,0.5214557193287198,LDpred2
E04,1,E04,0.6311607290769836,LDpred2
E04,2,E05,0.5668372348339729,lassosum2
E04,3,E06,0.5438475193004435,lassosum2
E04,4,H04,0.5240055747339352,lassosum2
E04,5,D17,0.5234986211787247,lassosum2
E04,6,D25,0.5201588251517663,C+T
E04,7,F20,0.519999394433719,lassosum2
E04,8,J38,0.5190549119769001,LDpred2
E04,9,G44,0.5176306059775374,lassosum2
E04,10,D33,0.5175067595528575,lassosum2
E05,1,E05,0.5738350716624943,LDpred2
E05,2,E03,0.5365155617854954,lassosum2
E05,3,E04,0.536130712837263,lassosum2
E05,4,I48,0.5260757954011408,LDpred2
E05,5,I10,0.5220555648067039,LDpred2
E05,6,D51,0.5206698211432801,LDpred2
E05,7,M05,0.520408018931791,lassosum2
E05,8,I71,0.5199711805980233,LDpred2
E05,9,I47,0.519726117389555,LDpred2
E05,10,K92,0.5168749930503872,LDpred2
E06,1,E03,0.5710498218510012,lassosum2
E06,2,L43,0.5640215302495885,LDpred2
E06,3,L27,0.5554270037254415,LDpred2
E06,4,D47,0.5537055633994769,LDpred2
E06,5,M05,0.5504474662932904,lassosum2
E06,6,D51,0.5491548485478353,LDpred2
E06,7,M35,0.5468758234726396,LDpred2
E06,8,J31,0.5458932492020032,C+T
E06,9,K29,0.545742998012813,LDpred2
E06,10,K46,0.5455653461610972,lassosum2
E10,1,E11,0.5939807082818638,LDpred2
E10,2,E66,0.5502481157687571,LDpred2
E10,3,E10,0.5465377017638738,C+T
E10,4,O24,0.5379783835853463,LDpred2
E10,5,I10,0.5372121511127423,LDpred2
E10,6,D51,0.5351749302557292,LDpred2
E10,7,I71,0.5343243895282435,LDpred2
E10,8,I70,0.5340589755117806,LDpred2
E10,9,E03,0.5324719731014871,LDpred2
E10,10,E16,0.5285733191158632,C+T
E11,1,E11,0.6395743046925597,LDpred2
E11,2,E66,0.5688179918951336,LDpred2
E11,3,I10,0.558021197018951,LDpred2
E11,4,O24,0.5565008896473579,LDpred2
E11,5,I71,0.5471687748894108,LDpred2
E11,6,I70,0.5441131797979425,LDpred2
E11,7,M79,0.5365531700801565,LDpred2
E11,8,I11,0.5345484976869433,LDpred2
E11,9,G56,0.534160249061072,LDpred2
E11,10,I25,0.5339034347989587,LDpred2
E16,1,E11,0.5857836927691092,LDpred2
E16,2,E66,0.5479875027110072,LDpred2
E16,3,I71,0.5430470240401645,LDpred2
E16,4,I70,0.5404072831643705,LDpred2
E16,5,M79,0.5356119198887981,LDpred2
E16,6,I10,0.5343769944852741,LDpred2
E16,7,O24,0.5338510261502377,LDpred2
E16,8,M75,0.530337182308395,LDpred2
E16,9,F39,0.5285638761762816,LDpred2
E16,10,E10,0.5278538588958052,LDpred2
E21,1,E21,0.5699370890028302,LDpred2
E21,2,I10,0.5259947575902879,LDpred2
E21,3,K43,0.5218498792530475,LDpred2
E21,4,I26,0.5217023014846289,C+T
E21,5,F60,0.5216738229433137,LDpred2
E21,6,H02,0.5210932144730724,LDpred2
E21,7,D12,0.5208753648800241,LDpred2
E21,8,M17,0.5205546901385855,lassosum2
E21,9,J35,0.5203033819873388,LDpred2
E21,10,I85,0.5201869838983436,C+T
E66,1,E66,0.5855367251227472,LDpred2
E66,2,M17,0.5537948418142725,LDpred2
E66,3,E11,0.5479346341022885,LDpred2
E66,4,I10,0.5448095216521607,LDpred2
E66,5,M79,0.5414189263507675,LDpred2
E66,6,M19,0.5404788141554397,LDpred2
E66,7,G56,0.5373959571909391,LDpred2
E66,8,I50,0.5351840372014944,LDpred2
E66,9,M51,0.5341185799369987,LDpred2
E66,10,M75,0.5334351365516377,LDpred2
E78,1,E78,0.5773700473314198,LDpred2
E78,2,I25,0.557038272027016,LDpred2
E78,3,I20,0.5559932642141054,LDpred2
E78,4,I21,0.5508130847541681,LDpred2
E78,5,I10,0.5493123300338628,LDpred2
E78,6,I71,0.5426687080491343,LDpred2
E78,7,E11,0.5404366776856696,LDpred2
E78,8,E66,0.5327545769015647,LDpred2
E78,9,I70,0.532180831080457,LDpred2
E78,10,I11,0.5275264789591041,LDpred2
F03,1,F02,0.5864533803001089,LDpred2
F03,2,R41,0.5837742461467283,lassosum2
F03,3,F05,0.5805383524771939,LDpred2
F03,4,F06,0.575395615359656,LDpred2
F03,5,F03,0.5741054446871064,lassosum2
F03,6,G30,0.551445270334287,lassosum2
F03,7,F22,0.548437702123549,C+T
F03,8,E78,0.5464460935526092,lassosum2
F03,9,I10,0.5442554432198792,lassosum2
F03,10,F10,0.5359445618856112,LDpred2
F10,1,F10,0.5618630885866256,LDpred2
F10,2,F39,0.5363826471943475,LDpred2
F10,3,W19,0.5342924455867728,LDpred2
F10,4,F32,0.5342475891830409,LDpred2
F10,5,F33,0.5296247860834606,LDpred2
F10,6,F13,0.5268584334330626,LDpred2
F10,7,F41,0.5248296467901181,LDpred2
F10,8,F34,0.5247778801515186,LDpred2
F10,9,F19,0.5235643241939729,LDpred2
F10,10,S82,0.5229822335593886,LDpred2
F17,1,F10,0.5443426142847756,LDpred2
F17,2,J44,0.5342858824424521,LDpred2
F17,3,F17,0.5341471881089086,LDpred2
F17,4,M79,0.531725943350643,LDpred2
F17,5,F32,0.5300977634498422,LDpred2
F17,6,M51,0.5297563539606208,LDpred2
F17,7,F39,0.529474204568949,LDpred2
F17,8,I71,0.529076223563706,LDpred2
F17,9,M75,0.5286314486753826,LDpred2
F17,10,E66,0.5280702732020328,LDpred2
F31,1,F39,0.5589623416671118,LDpred2
F31,2,F32,0.5536093165017129,LDpred2
F31,3,F31,0.5515246622768754,LDpred2
F31,4,F29,0.5505856990253366,LDpred2
F31,5,F33,0.5452010773688687,LDpred2
F31,6,F25,0.541221275145333,LDpred2
F31,7,F41,0.5399381118684828,LDpred2
F31,8,F20,0.5372774436565914,LDpred2
F31,9,F34,0.5311865032533237,LDpred2
F31,10,F99,0.5283999795168929,LDpred2
F32,1,F32,0.5521111239707753,LDpred2
F32,2,F39,0.5518461951009068,LDpred2
F32,3,F33,0.5499831100511884,LDpred2
F32,4,F41,0.5389938179571419,LDpred2
F32,5,M79,0.5328261412413277,LDpred2
F32,6,M51,0.5319810075400788,LDpred2
F32,7,F43,0.5314890823700213,LDpred2
F32,8,F10,0.5298758280404259,LDpred2
F32,9,F34,0.5291794446582145,LDpred2
F32,10,M47,0.5283618922085732,LDpred2
F33,1,F39,0.5581027436626603,LDpred2
F33,2,F32,0.5577912207881873,LDpred2
F33,3,F33,0.5542507803207196,LDpred2
F33,4,F41,0.5507912539554269,LDpred2
F33,5,F34,0.5433697933514966,LDpred2
F33,6,F43,0.5361980377512251,LDpred2
F33,7,F31,0.5348689350429957,LDpred2
F33,8,F10,0.5337228810797868,LDpred2
F33,9,F29,0.5327424185877205,LDpred2
F33,10,F90,0.5315336227506438,LDpred2
F41,1,F39,0.5461470650298627,LDpred2
F41,2,F32,0.5457259333995006,LDpred2
F41,3,F41,0.5437146384497844,LDpred2
F41,4,F33,0.5434406526551059,LDpred2
F41,5,F43,0.5295350511809002,LDpred2
F41,6,G44,0.5294985269464698,LDpred2
F41,7,M79,0.5280740701510797,LDpred2
F41,8,F34,0.5279043420408744,LDpred2
F41,9,F10,0.5267816999142915,LDpred2
F41,10,K59,0.5254549205237748,LDpred2
F60,1,F39,0.581507042632867,LDpred2
F60,2,F41,0.5763592860104647,LDpred2
F60,3,F32,0.5760147136345684,LDpred2
F60,4,F33,0.5756888742231904,LDpred2
F60,5,F60,0.5654851835344958,LDpred2
F60,6,F34,0.5578866824839053,LDpred2
F60,7,F31,0.5576942017552277,LDpred2
F60,8,F43,0.5541733614134517,LDpred2
F60,9,M47,0.5538182190988264,LDpred2
F60,10,F90,0.552247988967037,LDpred2
G25,1,G25,0.5461000754768692,LDpred2
G25,2,F33,0.5449387003086708,LDpred2
G25,3,M51,0.5411095661521212,LDpred2
G25,4,M79,0.5402229671868891,LDpred2
G25,5,F39,0.5398873045289547,LDpred2
G25,6,F32,0.5396568789081502,LDpred2
G25,7,G43,0.531215158495875,LDpred2
G25,8,M75,0.5304122596163207,lassosum2
G25,9,G61,0.529158722887245,LDpred2
G25,10,F10,0.5280617301814651,LDpred2
G35,1,G35,0.5737768290298046,LDpred2
G35,2,H46,0.5298215892439251,LDpred2
G35,3,D47,0.525462133483002,LDpred2
G35,4,R41,0.5230260133244473,C+T
G35,5,E83,0.5230061965303824,LDpred2
G35,6,S92,0.5213975465394809,LDpred2
G35,7,D16,0.5193321240014397,lassosum2
G35,8,M35,0.5189809843048708,LDpred2
G35,9,O13,0.5189627837239771,C+T
G35,10,B02,0.518816102566664,LDpred2
G43,1,G43,0.5688227344838077,LDpred2
G43,2,G44,0.53721423779428,LDpred2
G43,3,M51,0.5325845644061544,LDpred2
G43,4,F32,0.5321208148756114,LDpred2
G43,5,F39,0.5310562356108014,LDpred2
G43,6,M79,0.5302250808798098,LDpred2
G43,7,F33,0.5299012408618585,LDpred2
G43,8,F41,0.5297131217897771,LDpred2
G43,9,G45,0.5295393907145153,LDpred2
G43,10,M50,0.5271323309032024,LDpred2
G47,1,E66,0.5595317833683906,LDpred2
G47,2,I10,0.542706972820129,LDpred2
G47,3,M79,0.5415464871948485,LDpred2
G47,4,E11,0.5375735581169886,LDpred2
G47,5,M17,0.535664140056938,LDpred2
G47,6,F33,0.531446290984189,LDpred2
G47,7,G44,0.5301266985259303,LDpred2
G47,8,I71,0.5298957288523695,LDpred2
G47,9,M19,0.5298374934607926,LDpred2
G47,10,M75,0.5296359876991225,LDpred2
G56,1,G56,0.5875867926188594,LDpred2
G56,2,M19,0.5429871854915401,LDpred2
G56,3,M17,0.5412994764777117,LDpred2
G56,4,M75,0.5380722949509256,LDpred2
G56,5,E66,0.5347393641142684,LDpred2
G56,6,M79,0.533609774326055,LDpred2
G56,7,M47,0.5333102089268482,LDpred2
G56,8,M23,0.5296382995350178,LDpred2
G56,9,M77,0.5290412816671116,LDpred2
G56,10,M51,0.5286582866309635,LDpred2
G58,1,M47,0.5534173354220616,LDpred2
G58,2,M79,0.5511017067554088,LDpred2
G58,3,M51,0.5501097184556798,LDpred2
G58,4,F32,0.5460770513020083,LDpred2
G58,5,F39,0.5458853673398915,LDpred2
G58,6,M75,0.5437920345765057,LDpred2
G58,7,M40,0.5427424513077104,LDpred2
G58,8,K21,0.542618142444297,LDpred2
G58,9,K63,0.5425574358134517,LDpred2
G58,10,M15,0.5410454740224939,LDpred2
H33,1,H33,0.567860522469713,LDpred2
H33,2,H26,0.528979633895378,LDpred2
H33,3,H43,0.5208709663886727,LDpred2
H33,4,H52,0.5194007037145014,LDpred2
H33,5,H25,0.5189533380721328,LDpred2
H33,6,F90,0.5133390410109219,lassosum2
H33,7,L73,0.5118907386049958,lassosum2
H33,8,K44,0.5115220475619257,lassosum2
H33,9,O34,0.5107851326548417,C+T
H33,10,K86,0.5103359321581106,lassosum2
H40,1,H40,0.6090603271746915,LDpred2
H40,2,I46,0.5214258111363361,lassosum2
H40,3,I72,0.5207306978748065,lassosum2
H40,4,I60,0.5206445657940435,lassosum2
H40,5,I70,0.5176732776228247,lassosum2
H40,6,H25,0.5176022820961396,LDpred2
H40,7,I71,0.5143324776899364,LDpred2
H40,8,E11,0.5142391192989908,C+T
H40,9,I67,0.5130103632262367,LDpred2
H40,10,H26,0.5125981616777908,LDpred2
I10,1,I10,0.6036411484440909,LDpred2
I10,2,I11,0.5626091569371087,LDpred2
I10,3,I71,0.5565215643251045,LDpred2
I10,4,O13,0.547921892101683,LDpred2
I10,5,E11,0.5453256843758508,LDpred2
I10,6,I48,0.5418877700344726,LDpred2
I10,7,I20,0.5408992279456756,LDpred2
I10,8,I25,0.5408298657964136,LDpred2
I10,9,E66,0.5398984595222418,LDpred2
I10,10,I50,0.5350574096871386,LDpred2
I12,1,I10,0.5562027180515796,LDpred2
I12,2,I11,0.5470369502093945,LDpred2
I12,3,E11,0.5450844149359739,LDpred2
I12,4,I25,0.537823009694136,LDpred2
I12,5,I21,0.5352263342411685,LDpred2
I12,6,I71,0.5337322568688599,LDpred2
I12,7,I20,0.5335982645636278,LDpred2
I12,8,I48,0.5329569683498531,lassosum2
I12,9,I70,0.5283920970958826,LDpred2
I12,10,N19,0.5282361789818535,LDpred2
I20,1,I25,0.5894639420737375,LDpred2
I20,2,I20,0.5876621950733019,LDpred2
I20,3,I21,0.5817036505479029,LDpred2
I20,4,I10,0.5646752058358938,LDpred2
I20,5,I71,0.5602565551972949,LDpred2
I20,6,E78,0.5557764636734508,LDpred2
I20,7,I70,0.547831085236102,LDpred2
I20,8,E11,0.5436145829020522,LDpred2
I20,9,M79,0.5406635220595267,LDpred2
I20,10,I46,0.5375791802997335,LDpred2
I21,1,I25,0.6020642033278062,LDpred2
I21,2,I21,0.5977327998317563,LDpred2
I21,3,I20,0.5971108200268305,LDpred2
I21,4,I71,0.5597950904194129,LDpred2
I21,5,I10,0.559789375972439,LDpred2
I21,6,E78,0.5594305291379202,LDpred2
I21,7,I70,0.5481420406082289,LDpred2
I21,8,I46,0.5399670600232317,LDpred2
I21,9,E11,0.5388035990467037,LDpred2
I21,10,I72,0.5341294303993199,LDpred2
I25,1,I25,0.5931187634821443,LDpred2
I25,2,I20,0.5901308706204424,LDpred2
I25,3,I21,0.5853727490750339,LDpred2
I25,4,I10,0.5644365379973646,LDpred2
I25,5,I71,0.5615104881645437,LDpred2
I25,6,E78,0.5547287218278028,LDpred2
I25,7,I70,0.5482428724753119,LDpred2
I25,8,E11,0.5418347184255152,LDpred2
I25,9,E66,0.537623520229056,LDpred2
I25,10,I46,0.5369600888758095,LDpred2
I26,1,I26,0.6026174955874999,LDpred2
I26,2,I82,0.5977816789129814,LDpred2
I26,3,I80,0.5934266724517864,LDpred2
I26,4,I63,0.5302952470569866,LDpred2
I26,5,E66,0.5286745080019662,LDpred2
I26,6,I71,0.5257155662128083,LDpred2
I26,7,K80,0.523782727488849,LDpred2
I26,8,M79,0.5225590421392878,lassosum2
I26,9,M17,0.52109076131138,LDpred2
I26,10,I83,0.5205056144759915,LDpred2
I27,1,J15,0.543038608298778,LDpred2
I27,2,I71,0.5429505082890137,LDpred2
I27,3,E66,0.540327898184746,LDpred2
I27,4,I50,0.5397481045083398,LDpred2
I27,5,I10,0.5383696942324608,LDpred2
I27,6,M17,0.5361006028345582,LDpred2
I27,7,I70,0.5360701254339487,LDpred2
I27,8,I48,0.535610724008569,LDpred2
I27,9,A41,0.5320356015202985,LDpred2
I27,10,I11,0.5319667690187617,LDpred2
I42,1,I10,0.5520874885425916,LDpred2
I42,2,I50,0.5435445347772315,LDpred2
I42,3,I49,0.5361314253133268,LDpred2
I42,4,I42,0.535981427009079,LDpred2
I42,5,I48,0.5358977969293526,lassosum2
I42,6,I11,0.5347062706758963,LDpred2
I42,7,I47,0.5312951199360415,LDpred2
I42,8,I71,0.530018969444397,LDpred2
I42,9,O13,0.5282465888290656,LDpred2
I42,10,E66,0.5259369920728054,LDpred2
I48,1,I48,0.6100002518676315,LDpred2
I48,2,I49,0.5663934966231972,lassosum2
I48,3,I50,0.5539756060945933,LDpred2
I48,4,I42,0.5485137692148052,LDpred2
I48,5,I47,0.5424002132147167,LDpred2
I48,6,I71,0.5396319995546744,LDpred2
I48,7,I10,0.5396247300689037,LDpred2
I48,8,I11,0.5364237216432808,LDpred2
I48,9,K35,0.5306801362741398,lassosum2
I48,10,I44,0.5303034751417257,LDpred2
I50,1,I10,0.5600414259426888,LDpred2
I50,2,I50,0.5554264712588998,LDpred2
I50,3,I71,0.5539300520614784,LDpred2
I50,4,I48,0.5527362535223773,LDpred2
I50,5,E66,0.5481906251610681,LDpred2
I50,6,I25,0.5470224254552527,LDpred2
I50,7,I11,0.5447549894087248,LDpred2
I50,8,I20,0.5445205575346374,LDpred2
I50,9,I21,0.5426231424807513,LDpred2
I50,10,E11,0.541849994042361,LDpred2
I63,1,I10,0.546889008204062,LDpred2
I63,2,I63,0.5459108858464833,LDpred2
I63,3,I48,0.5393950669056842,LDpred2
I63,4,I71,0.5390156752772657,LDpred2
I63,5,I69,0.5366481796126056,LDpred2
I63,6,I21,0.5318676472804593,LDpred2
I63,7,I25,0.5314610546558931,LDpred2
I63,8,I11,0.5303539807976605,LDpred2
I63,9,I20,0.5287419053250294,LDpred2
I63,10,G45,0.5274985795467866,LDpred2
I69,1,I10,0.5544273893119439,LDpred2
I69,2,I71,0.5460375433100529,LDpred2
I69,3,I69,0.5417113320212088,LDpred2
I69,4,I48,0.5415611086589106,LDpred2
I69,5,I63,0.5405525759453413,LDpred2
I69,6,M79,0.5356851183307176,LDpred2
I69,7,I11,0.5318015061753453,LDpred2
I69,8,J01,0.5305309567648542,LDpred2
I69,9,G44,0.5301492346196444,LDpred2
I69,10,E11,0.5281897191618371,LDpred2
I70,1,I71,0.5732762687818228,LDpred2
I70,2,I70,0.5689707616571251,LDpred2
I70,3,I20,0.5624869178965215,LDpred2
I70,4,I25,0.5606044359246403,LDpred2
I70,5,I10,0.5574260607856436,LDpred2
I70,6,I21,0.5527841153045406,LDpred2
I70,7,E78,0.5519795264766879,LDpred2
I70,8,E11,0.5428713650210132,LDpred2
I70,9,I48,0.5426295106309732,LDpred2
I70,10,M79,0.5402793148905864,LDpred2
I71,1,I71,0.5577115873441844,LDpred2
I71,2,I10,0.5522629994903976,LDpred2
I71,3,I48,0.5351650548304636,LDpred2
I71,4,G43,0.5346405725178972,LDpred2
I71,5,I67,0.5339489524988101,LDpred2
I71,6,N91,0.5307907654795181,LDpred2
I71,7,F33,0.5302617821890719,LDpred2
I71,8,H46,0.5293827816101634,C+T
I71,9,E78,0.5292302653255797,LDpred2
I71,10,I11,0.5287121951451427,LDpred2
I72,1,I71,0.5408069264031817,LDpred2
I72,2,I10,0.5370048564617458,LDpred2
I72,3,G43,0.5361932928011256,LDpred2
I72,4,I63,0.5349944072649924,lassosum2
I72,5,I60,0.5335742415088984,lassosum2
I72,6,I49,0.5324968816304553,LDpred2
I72,7,I47,0.5308622976424975,LDpred2
I72,8,O03,0.5302567844166303,C+T
I72,9,M71,0.5295531989343186,lassosum2
I72,10,I48,0.5292602385007791,lassosum2
I80,1,I26,0.5920992857438373,LDpred2
I80,2,I80,0.5910546210400781,LDpred2
I80,3,I82,0.5908835652058149,LDpred2
I80,4,I87,0.540170871539398,LDpred2
I80,5,I83,0.5398819097589137,LDpred2
I80,6,M79,0.5265118118053396,LDpred2
I80,7,E66,0.5232338539141458,LDpred2
I80,8,M17,0.5225924683192295,LDpred2
I80,9,I71,0.5225402538310457,lassosum2
I80,10,I48,0.5225231013104273,LDpred2
I83,1,I83,0.6320784220002761,LDpred2
I83,2,I87,0.6095628250786346,LDpred2
I83,3,I80,0.5244883812955761,LDpred2
I83,4,M17,0.5214182628914282,LDpred2
I83,5,M79,0.5168953542718505,LDpred2
I83,6,I48,0.5160856381443677,LDpred2
I83,7,I82,0.514180391118722,LDpred2
I83,8,N30,0.5124095361591482,LDpred2
I83,9,K43,0.512348830914568,LDpred2
I83,10,I86,0.5120821834624079,LDpred2
I87,1,I83,0.5524282635017458,LDpred2
I87,2,I87,0.548078306718028,LDpred2
I87,3,A41,0.5404930955008743,LDpred2
I87,4,M79,0.5344457750981207,lassosum2
I87,5,A49,0.5343049485066648,LDpred2
I87,6,M19,0.5329232143781768,LDpred2
I87,7,N10,0.5326871500630377,LDpred2
I87,8,I48,0.5316253726834853,LDpred2
I87,9,M17,0.531558412739074,LDpred2
I87,10,L08,0.5301962100731704,LDpred2
J33,1,J33,0.6360694571112839,LDpred2
J33,2,J32,0.5968449440008438,lassosum2
J33,3,J45,0.5696061387687404,lassosum2
J33,4,J30,0.5576015110811768,lassosum2
J33,5,J01,0.5397509617735141,lassosum2
J33,6,L20,0.5351343319994343,lassosum2
J33,7,L30,0.528086741045901,LDpred2
J33,8,J40,0.5277734940369276,lassosum2
J33,9,J34,0.5254159043635891,LDpred2
J33,10,L43,0.5245911306460801,LDpred2
J35,1,J35,0.5568965093792007,LDpred2
J35,2,E11,0.5330950404656841,LDpred2
J35,3,M16,0.5322985529578834,LDpred2
J35,4,G47,0.531402437601902,LDpred2
J35,5,F33,0.5292538198221045,LDpred2
J35,6,N92,0.5289360057574283,LDpred2
J35,7,K80,0.5274346005627916,lassosum2
J35,8,D22,0.5271924604772212,LDpred2
J35,9,D62,0.5267770520875251,LDpred2
J35,10,L91,0.5266212834673942,LDpred2
J40,1,M51,0.5459614678582307,LDpred2
J40,2,J45,0.5440001621731836,LDpred2
J40,3,M47,0.5421578829538074,LDpred2
J40,4,F39,0.5400966565939278,LDpred2
J40,5,F32,0.5400847867789156,LDpred2
J40,6,F10,0.5387527638910267,LDpred2
J40,7,M50,0.538191139799583,LDpred2
J40,8,M79,0.5374549252246267,LDpred2
J40,9,J15,0.5370185918745131,LDpred2
J40,10,E66,0.5369831745741779,LDpred2
J42,1,M47,0.56250447807743,LDpred2
J42,2,M23,0.5593767981674267,LDpred2
J42,3,I71,0.5579781668707939,LDpred2
J42,4,G54,0.5521586606162331,LDpred2
J42,5,M79,0.5504179715715177,LDpred2
J42,6,M17,0.5491672379065871,LDpred2
J42,7,M51,0.5483474367206279,LDpred2
J42,8,G56,0.5468587509199765,LDpred2
J42,9,G44,0.54659398642152,LDpred2
J42,10,K58,0.5461066498517966,LDpred2
J43,1,F10,0.5590367496607991,LDpred2
J43,2,J44,0.5583056416347988,LDpred2
J43,3,F17,0.5528734196213477,LDpred2
J43,4,J43,0.5483294520018417,LDpred2
J43,5,J15,0.5477445645613619,LDpred2
J43,6,C34,0.5465320042845258,LDpred2
J43,7,F32,0.5459723860598774,LDpred2
J43,8,F39,0.5446089426188415,LDpred2
J43,9,M79,0.5443827457974529,LDpred2
J43,10,W19,0.5407861939466838,LDpred2
J44,1,J44,0.5549393242397109,LDpred2
J44,2,M79,0.5452513465938991,LDpred2
J44,3,F10,0.5441807819303083,LDpred2
J44,4,M51,0.5419425860309038,LDpred2
J44,5,F17,0.5415781395555074,LDpred2
J44,6,E66,0.5388349238857647,LDpred2
J44,7,F32,0.5386205969803043,LDpred2
J44,8,F39,0.5380774955287992,LDpred2
J44,9,J45,0.5374120755636626,LDpred2
J44,10,I71,0.535642849536017,LDpred2
J45,1,J45,0.5660619280843228,LDpred2
J45,2,J33,0.5508014069888639,LDpred2
J45,3,J30,0.5492711255556123,LDpred2
J45,4,J32,0.5443634934240514,LDpred2
J45,5,L20,0.5427861463329835,LDpred2
J45,6,H10,0.5359518463062397,LDpred2
J45,7,J01,0.5249846655939405,LDpred2
J45,8,L30,0.5245595695434893,LDpred2
J45,9,J20,0.5241126935052205,LDpred2
J45,10,M79,0.5241061613933328,LDpred2
J84,1,J84,0.5602519438327906,LDpred2
J84,2,I50,0.5357729605944869,LDpred2
J84,3,L82,0.5311290119419143,lassosum2
J84,4,N10,0.530576667600871,LDpred2
J84,5,F10,0.5290620241700569,LDpred2
J84,6,I70,0.5273284318161315,LDpred2
J84,7,I71,0.5272475622841553,LDpred2
J84,8,F32,0.5267518443609581,LDpred2
J84,9,J06,0.5262246874496415,lassosum2
J84,10,M23,0.5259986277911174,LDpred2
K35,1,K35,0.5614954111231517,LDpred2
K35,2,I49,0.5219310781147498,lassosum2
K35,3,M79,0.51600226469102,LDpred2
K35,4,M75,0.5150161635635319,lassosum2
K35,5,M71,0.5140697241414337,LDpred2
K35,6,J47,0.5140519074349803,LDpred2
K35,7,K30,0.5139797791077652,LDpred2
K35,8,J00,0.513296555843705,lassosum2
K35,9,D36,0.5128049669269086,C+T
K35,10,F11,0.5122160294440253,LDpred2
K40,1,K40,0.5964147989890128,LDpred2
K40,2,K43,0.5302688781111435,LDpred2
K40,3,K42,0.5282123746470314,LDpred2
K40,4,K44,0.5272119960319077,LDpred2
K40,5,N81,0.5226826226986694,lassosum2
K40,6,K57,0.5186396783097462,LDpred2
K40,7,I49,0.5163642552199795,LDpred2
K40,8,G54,0.5154976611547957,lassosum2
K40,9,K14,0.5153058953933054,lassosum2
K40,10,N25,0.5146824270611396,LDpred2
K42,1,K42,0.5852368107076181,LDpred2
K42,2,K43,0.5523951181015803,LDpred2
K42,3,E66,0.5434603946419478,LDpred2
K42,4,M17,0.5288538080023345,lassosum2
K42,5,E11,0.5281623448074273,LDpred2
K42,6,M79,0.528154547710736,LDpred2
K42,7,K80,0.5269984600888021,LDpred2
K42,8,G44,0.5267062932561546,LDpred2
K42,9,K57,0.5253250799367085,LDpred2
K42,10,I10,0.5253182720872167,LDpred2
K43,1,K43,0.5569529197395833,LDpred2
K43,2,K42,0.5435759165788598,LDpred2
K43,3,E66,0.5356356821939056,LDpred2
K43,4,K40,0.535220236407927,lassosum2
K43,5,K57,0.5327641245356697,LDpred2
K43,6,M79,0.5292029109343316,LDpred2
K43,7,K44,0.528171015329162,LDpred2
K43,8,M17,0.5271016517879179,LDpred2
K43,9,K21,0.5251098137933108,LDpred2
K43,10,N81,0.5248574257577867,LDpred2
K44,1,K44,0.5453678743603003,LDpred2
K44,2,K21,0.5419479334766041,LDpred2
K44,3,M79,0.5226246655074188,LDpred2
K44,4,K57,0.5207508665564834,LDpred2
K44,5,M75,0.5188151079376757,LDpred2
K44,6,E66,0.5185682142002428,LDpred2
K44,7,M19,0.5178395133311199,LDpred2
K44,8,F32,0.5175281088382869,LDpred2
K44,9,G44,0.5174499758242308,LDpred2
K44,10,N81,0.5173874554300022,LDpred2
K50,1,K51,0.5922324420395475,LDpred2
K50,2,K50,0.5712340855777233,LDpred2
K50,3,L30,0.5307652663516257,LDpred2
K50,4,K52,0.5302837885076033,LDpred2
K50,5,L20,0.5275932558931155,LDpred2
K50,6,E66,0.5271291037235587,LDpred2
K50,7,M99,0.5268895646002539,lassosum2
K50,8,L02,0.5257867622593999,LDpred2
K50,9,K61,0.525227653411935,LDpred2
K50,10,D75,0.5241275669447011,lassosum2
K51,1,K51,0.5990007134183019,LDpred2
K51,2,K50,0.5383246224502144,LDpred2
K51,3,K52,0.5271966371151117,LDpred2
K51,4,L30,0.5241466479387454,LDpred2
K51,5,L20,0.5236255069807034,LDpred2
K51,6,N21,0.522391061693582,LDpred2
K51,7,M35,0.520324931869609,LDpred2
K51,8,J32,0.5182893663931014,LDpred2
K51,9,M99,0.5167115275767976,lassosum2
K51,10,M05,0.5166309953815711,lassosum2
K57,1,K57,0.5814878901270265,LDpred2
K57,2,K62,0.5215767258153717,LDpred2
K57,3,D12,0.5189655146726759,LDpred2
K57,4,K64,0.5177188235511286,LDpred2
K57,5,G44,0.5174798933808121,LDpred2
K57,6,K43,0.5172732664832358,LDpred2
K57,7,K44,0.5169731239365275,LDpred2
K57,8,K21,0.5168945235929062,LDpred2
K57,9,N81,0.5168508884212402,LDpred2
K57,10,K92,0.5167558473371314,LDpred2
K60,1,K60,0.5753438421151988,LDpred2
K60,2,K64,0.5344555527283181,LDpred2
K60,3,M79,0.5328744803849895,LDpred2
K60,4,M75,0.5301562698982675,LDpred2
K60,5,M51,0.5282943617976484,LDpred2
K60,6,K59,0.5274680693785256,LDpred2
K60,7,K61,0.5265427588865782,LDpred2
K60,8,M19,0.5260118349426008,LDpred2
K60,9,F39,0.525746143767748,C+T
K60,10,N92,0.5250094603394282,LDpred2
K70,1,F10,0.588444062212912,LDpred2
K70,2,K70,0.5748963321091577,LDpred2
K70,3,K76,0.5720228430734711,LDpred2
K70,4,I85,0.5626953399652987,LDpred2
K70,5,K74,0.5587713463551996,C+T
K70,6,W19,0.5481448289222772,LDpred2
K70,7,F13,0.5452701049621339,LDpred2
K70,8,F60,0.5418560258844334,LDpred2
K70,9,K72,0.5418205466776752,lassosum2
K70,10,F32,0.5406196665385469,LDpred2
K74,1,K76,0.5723923524949681,LDpred2
K74,2,K74,0.5682096580201214,LDpred2
K74,3,I85,0.567606319216836,LDpred2
K74,4,K70,0.5639007170604852,lassosum2
K74,5,E66,0.5514296369868337,LDpred2
K74,6,K72,0.5472443117983573,lassosum2
K74,7,I10,0.5410757424714463,LDpred2
K74,8,E11,0.5407497188631071,LDpred2
K74,9,M35,0.5374689071692881,LDpred2
K74,10,G56,0.5355064417853245,LDpred2
K75,1,K76,0.5640844766859496,LDpred2
K75,2,K74,0.5523878606261339,LDpred2
K75,3,I85,0.5513476373478164,LDpred2
K75,4,K70,0.5498548275335334,lassosum2
K75,5,K72,0.5425609321576756,lassosum2
K75,6,E11,0.5362662385259924,LDpred2
K75,7,E66,0.5329935081035082,LDpred2
K75,8,K80,0.5327437719631785,LDpred2
K75,9,M05,0.5323510217974092,LDpred2
K75,10,M19,0.5322064563163384,LDpred2
K76,1,K76,0.5452600203192729,LDpred2
K76,2,I85,0.539741983202507,LDpred2
K76,3,K74,0.5393857892025417,LDpred2
K76,4,K70,0.5384198543596668,LDpred2
K76,5,E66,0.5369456548355046,LDpred2
K76,6,M79,0.5322614248801668,LDpred2
K76,7,E11,0.531275545656837,LDpred2
K76,8,M75,0.5287776468250113,LDpred2
K76,9,K72,0.5287404091017253,lassosum2
K76,10,M51,0.5278992827254804,LDpred2
K80,1,K80,0.5896239896511429,LDpred2
K80,2,E66,0.5304742750501774,LDpred2
K80,3,E11,0.526717262066695,LDpred2
K80,4,M79,0.525676130528496,LDpred2
K80,5,K81,0.5253516412209863,LDpred2
K80,6,I71,0.5192297343234584,LDpred2
K80,7,K57,0.5189584917299144,LDpred2
K80,8,I10,0.5185548847993028,LDpred2
K80,9,F32,0.5175851639272857,LDpred2
K80,10,G44,0.5174818050066917,LDpred2
K81,1,K80,0.5715043151039962,LDpred2
K81,2,M79,0.5336632435702967,LDpred2
K81,3,E66,0.531614342029605,LDpred2
K81,4,E11,0.5295170592080845,LDpred2
K81,5,K81,0.52730293562306,LDpred2
K81,6,M75,0.52512555890875,LDpred2
K81,7,N30,0.5251127953954919,LDpred2
K81,8,G44,0.5224861895567562,LDpred2
K81,9,N20,0.5210687419225811,LDpred2
K81,10,K57,0.5205104912653862,LDpred2
L40,1,L40,0.6042505971096781,LDpred2
L40,2,L30,0.5344304865185899,LDpred2
L40,3,L21,0.5297041675907727,lassosum2
L40,4,L20,0.5283697346577536,LDpred2
L40,5,M79,0.5279834911295574,LDpred2
L40,6,L28,0.5230003146248866,LDpred2
L40,7,E66,0.522636287827954,LDpred2
L40,8,M75,0.5225467723230781,LDpred2
L40,9,I71,0.5223318509496613,LDpred2
L40,10,M51,0.5210816211591448,LDpred2
L57,1,C44,0.5469643129386479,LDpred2
L57,2,L57,0.5396763584678264,C+T
L57,3,D23,0.5324348252550127,C+T
L57,4,D03,0.5298584647672225,C+T
L57,5,D04,0.5285354587937192,lassosum2
L57,6,D22,0.5195434861086241,LDpred2
L57,7,L90,0.5187711224930763,C+T
L57,8,H00,0.5178404785510478,lassosum2
L57,9,F12,0.5177388690026008,C+T
L57,10,F11,0.5168960073491188,lassosum2
L97,1,E66,0.5608834534257806,LDpred2
L97,2,E11,0.5447340051621425,lassosum2
L97,3,M17,0.5437095741186657,LDpred2
L97,4,I71,0.5409267475933467,LDpred2
L97,5,M16,0.5405510396449731,LDpred2
L97,6,I50,0.5401895010548147,LDpred2
L97,7,I48,0.5365866105925859,LDpred2
L97,8,I70,0.5356272060370001,LDpred2
L97,9,L97,0.5335478142547885,LDpred2
L97,10,A41,0.5305337575150139,LDpred2
M05,1,M05,0.5877574401835375,lassosum2
M05,2,M06,0.5566391339675575,LDpred2
M05,3,E03,0.5377111591444816,LDpred2
M05,4,M35,0.5343484527913467,LDpred2
M05,5,L97,0.5314536747045826,lassosum2
M05,6,K52,0.5300457698266082,lassosum2
M05,7,I71,0.5296012283756046,LDpred2
M05,8,M23,0.5278757533037953,LDpred2
M05,9,M13,0.5272346797235596,LDpred2
M05,10,I70,0.5265100413023819,LDpred2
M06,1,M05,0.5416065454271906,LDpred2
M06,2,E66,0.5313350027828107,LDpred2
M06,3,M06,0.5312815498306265,LDpred2
M06,4,M79,0.5307320277357593,LDpred2
M06,5,M19,0.5306193821814617,LDpred2
M06,6,M17,0.5294992741619898,LDpred2
M06,7,M35,0.5292108325921776,LDpred2
M06,8,M75,0.5281208596677198,LDpred2
M06,9,M23,0.5264673105822831,LDpred2
M06,10,M16,0.5263187313226649,LDpred2
M10,1,M10,0.6253928588165205,LDpred2
M10,2,I10,0.5589005059031295,LDpred2
M10,3,E66,0.5429344500358143,LDpred2
M10,4,E11,0.5421175949325716,LDpred2
M10,5,M75,0.5402787081085427,LDpred2
M10,6,I11,0.5401851485124993,LDpred2
M10,7,I71,0.5398083208621538,LDpred2
M10,8,M19,0.5391034940897987,LDpred2
M10,9,M47,0.5340662193187348,LDpred2
M10,10,M17,0.5338494919146956,LDpred2
M16,1,M16,0.5883252056635018,LDpred2
M16,2,M17,0.5440053703203046,LDpred2
M16,3,M19,0.5357052362679282,LDpred2
M16,4,M23,0.524790259167073,LDpred2
M16,5,M51,0.5231346393875749,LDpred2
M16,6,M47,0.5228421761449583,LDpred2
M16,7,M15,0.5225923925991295,LDpred2
M16,8,E66,0.5206665276613998,LDpred2
M16,9,G56,0.5185333444789498,LDpred2
M16,10,M75,0.5162695681166697,LDpred2
M17,1,M17,0.5821443293393317,LDpred2
M17,2,M19,0.5512304257034472,LDpred2
M17,3,M23,0.540452356231407,LDpred2
M17,4,M16,0.5386201004624519,LDpred2
M17,5,E66,0.5358972025126,LDpred2
M17,6,M79,0.5333526930357037,LDpred2
M17,7,M75,0.5307343619035655,LDpred2
M17,8,G56,0.5302171241126072,LDpred2
M17,9,M47,0.5297840399411189,LDpred2
M17,10,M51,0.5288091462427627,LDpred2
M19,1,M19,0.547877988232531,LDpred2
M19,2,M17,0.5470872149256213,LDpred2
M19,3,M79,0.5381971395134272,LDpred2
M19,4,M75,0.5378348367438646,LDpred2
M19,5,M51,0.5357304562819477,LDpred2
M19,6,M16,0.5342392324058388,LDpred2
M19,7,M47,0.534199493545576,LDpred2
M19,8,G56,0.5327251576277982,LDpred2
M19,9,M23,0.5316349672816598,LDpred2
M19,10,E66,0.5311116189908317,LDpred2
M32,1,M32,0.5688473819792035,LDpred2
M32,2,M05,0.559833557105451,LDpred2
M32,3,M35,0.5540336820879747,LDpred2
M32,4,E03,0.5509042915473726,C+T
M32,5,G35,0.544958812841311,lassosum2
M32,6,M94,0.5447088480069527,lassosum2
M32,7,L53,0.5428231507637586,LDpred2
M32,8,H04,0.541690899794236,LDpred2
M32,9,O02,0.5411938089221334,lassosum2
M32,10,I15,0.5395929069602106,C+T
M41,1,M41,0.5464904225091872,LDpred2
M41,2,M17,0.5379581823259656,LDpred2
M41,3,M40,0.5375548473738851,LDpred2
M41,4,M47,0.5364166259225788,LDpred2
M41,5,M19,0.5324177310197924,LDpred2
M41,6,M51,0.531606572332861,LDpred2
M41,7,N31,0.525272705284167,LDpred2
M41,8,M71,0.5249068006870761,LDpred2
M41,9,M13,0.5241303783621577,LDpred2
M41,10,M50,0.5228240136378361,LDpred2
M47,1,M51,0.5597323748309998,LDpred2
M47,2,M47,0.5522903365340078,LDpred2
M47,3,M79,0.5491975214292932,LDpred2
M47,4,M50,0.5481719755288508,LDpred2
M47,5,M75,0.5439205277878146,LDpred2
M47,6,M19,0.542274913221442,LDpred2
M47,7,M17,0.5392593017633748,LDpred2
M47,8,G56,0.5350556566531652,LDpred2
M47,9,M40,0.5347987310313139,LDpred2
M47,10,G44,0.5346708132132078,LDpred2
M50,1,M51,0.5616929754335271,LDpred2
M50,2,M50,0.5608982694046912,LDpred2
M50,3,M47,0.5550247789206104,LDpred2
M50,4,M79,0.5452029930608197,LDpred2
M50,5,M75,0.543107925809003,LDpred2
M50,6,G56,0.5342999900997412,LDpred2
M50,7,G44,0.5326715429618196,LDpred2
M50,8,M40,0.5314582385796824,LDpred2
M50,9,M19,0.5314079282085598,LDpred2
M50,10,M77,0.5299772322852409,LDpred2
M51,1,M51,0.571402873311772,LDpred2
M51,2,M47,0.5553060302494621,LDpred2
M51,3,M50,0.5527447592061228,LDpred2
M51,4,M79,0.5420670031794904,LDpred2
M51,5,M75,0.5394605578571033,LDpred2
M51,6,M19,0.5361989319743494,LDpred2
M51,7,M17,0.5339654149297314,LDpred2
M51,8,M40,0.5330520034438252,LDpred2
M51,9,G56,0.5311351164062403,LDpred2
M51,10,M16,0.5292560236291121,LDpred2
M81,1,M81,0.5591420534307413,LDpred2
M81,2,S52,0.548610060734826,LDpred2
M81,3,W19,0.5481967866739483,LDpred2
M81,4,S42,0.5392239929741705,LDpred2
M81,5,S82,0.5385848727305255,LDpred2
M81,6,M94,0.5364514768528498,LDpred2
M81,7,S72,0.536116751366223,LDpred2
M81,8,S32,0.5317490562311578,LDpred2
M81,9,S62,0.5279446308217549,LDpred2
M81,10,S22,0.5260595832362638,LDpred2
M86,1,E11,0.5449683366565736,LDpred2
M86,2,E66,0.5407003974971377,LDpred2
M86,3,I70,0.5388750876911098,LDpred2
M86,4,M19,0.5363775533691062,LDpred2
M86,5,M23,0.5355209695218791,LDpred2
M86,6,M16,0.5345433182207436,LDpred2
M86,7,M96,0.5338335050202611,LDpred2
M86,8,I50,0.5322770821806907,LDpred2
M86,9,M17,0.5310825271517867,LDpred2
M86,10,L30,0.5295562050309924,LDpred2
M96,1,M17,0.5635176289123983,LDpred2
M96,2,M19,0.5542500348135914,LDpred2
M96,3,M16,0.5520901626381176,LDpred2
M96,4,M51,0.5517977035631855,LDpred2
M96,5,M23,0.5445782994214333,LDpred2
M96,6,M75,0.5444252455603191,LDpred2
M96,7,M47,0.5393982533417966,LDpred2
M96,8,M79,0.5384814708385226,LDpred2
M96,9,G56,0.5361816957174032,LDpred2
M96,10,W19,0.5326288735871672,LDpred2
N18,1,I10,0.5397646067591253,LDpred2
N18,2,E11,0.5383584786311845,LDpred2
N18,3,N18,0.5366627439055995,LDpred2
N18,4,E66,0.5331816776555139,LDpred2
N18,5,I71,0.5287487313755587,LDpred2
N18,6,M79,0.5285840698473502,LDpred2
N18,7,M17,0.5276262930490027,LDpred2
N18,8,I11,0.5272234707822844,LDpred2
N18,9,M19,0.5253695213289449,LDpred2
N18,10,I50,0.5250898622773105,LDpred2
N20,1,N20,0.5939542628303249,LDpred2
N20,2,N21,0.5330269458421075,LDpred2
N20,3,E66,0.5239857297354349,LDpred2
N20,4,N10,0.523637932498982,LDpred2
N20,5,E11,0.5231831267159712,LDpred2
N20,6,I10,0.5213785555480935,LDpred2
N20,7,M79,0.521338078671388,LDpred2
N20,8,N91,0.5210101774137447,LDpred2
N20,9,N92,0.5202428700106421,LDpred2
N20,10,B07,0.5177429030586134,C+T
N40,1,N40,0.5860611089302435,LDpred2
N40,2,R33,0.5434957248293455,LDpred2
N40,3,N41,0.5201995140088399,LDpred2
N40,4,N87,0.5198911307236251,lassosum2
N40,5,N45,0.5170734850563928,LDpred2
N40,6,N30,0.5139008776769826,LDpred2
N40,7,D17,0.5138311891896485,C+T
N40,8,D32,0.5125759670560902,LDpred2
N40,9,N21,0.5120067938987778,LDpred2
N40,10,D25,0.5118822555940002,lassosum2
N41,1,N40,0.588660549980503,lassosum2
N41,2,R33,0.5374237297383878,LDpred2
N41,3,K57,0.5202906761889872,lassosum2
N41,4,N87,0.5196304490620002,lassosum2
N41,5,N41,0.5174566399701546,LDpred2
N41,6,H01,0.5167461706869375,LDpred2
N41,7,I10,0.5166812827451018,C+T
N41,8,J37,0.5160003809469443,C+T
N41,9,K92,0.5159145526959839,lassosum2
N41,10,N45,0.5153957370162472,LDpred2
N42,1,N40,0.5956245810493788,LDpred2
N42,2,N45,0.5294111977554914,LDpred2
N42,3,N41,0.5276259835011581,LDpred2
N42,4,R33,0.5266920212011149,lassosum2
N42,5,B27,0.5233627875316016,LDpred2
N42,6,N93,0.5218547148085443,C+T
N42,7,D25,0.5208334078150129,lassosum2
N42,8,M16,0.5206693846654824,lassosum2
N42,9,I72,0.5202904126128393,C+T
N42,10,O36,0.5186951501284555,lassosum2
N43,1,N43,0.5512124890918554,LDpred2
N43,2,K40,0.5199529745798033,LDpred2
N43,3,H60,0.518383010508186,lassosum2
N43,4,N31,0.5180102813185542,lassosum2
N43,5,N45,0.5168597499644185,LDpred2
N43,6,A49,0.5167288455980334,LDpred2
N43,7,S62,0.5167016913398013,LDpred2
N43,8,N84,0.5163579430690304,lassosum2
N43,9,B07,0.515912012582015,C+T
N43,10,K90,0.5158844764917536,lassosum2
N62,1,N62,0.5893068598959265,LDpred2
N62,2,N93,0.5407083087427427,LDpred2
N62,3,F19,0.5370028104197913,LDpred2
N62,4,N81,0.535989670131917,LDpred2
N62,5,K43,0.5357530713592893,LDpred2
N62,6,M45,0.5338342125265416,LDpred2
N62,7,N63,0.5308593395894321,LDpred2
N62,8,F60,0.53064174730785,C+T
N62,9,M79,0.5300984256777271,LDpred2
N62,10,J31,0.5295439348959796,LDpred2
N80,1,N80,0.5664772519605726,LDpred2
N80,2,N92,0.544479970062353,LDpred2
N80,3,N83,0.5392265550784383,LDpred2
N80,4,N85,0.5383297351024586,LDpred2
N80,5,D25,0.5343320431414762,lassosum2
N80,6,N94,0.5298524220963243,LDpred2
N80,7,N97,0.5292452516964447,LDpred2
N80,8,M51,0.5260468688224619,LDpred2
N80,9,N81,0.524321195044707,LDpred2
N80,10,K43,0.5215247220254312,LDpred2
N81,1,N81,0.5792627792871241,LDpred2
N81,2,N99,0.5282781081723998,LDpred2
N81,3,N92,0.5255052076049713,LDpred2
N81,4,K40,0.5253048676636227,LDpred2
N81,5,K57,0.52260546166141,LDpred2
N81,6,K21,0.5218789085615152,LDpred2
N81,7,N83,0.5218545739515948,LDpred2
N81,8,N93,0.5208568351649042,LDpred2
N81,9,M79,0.5203482640685133,LDpred2
N81,10,K44,0.5202361356688394,LDpred2
O03,1,L27,0.553424908638877,C+T
O03,2,L85,0.5520707429683875,C+T
O03,3,B37,0.550589122263504,LDpred2
O03,4,J43,0.5502340982947939,C+T
O03,5,D62,0.5501050106858278,C+T
O03,6,B86,0.5497834847266139,LDpred2
O03,7,N31,0.5485660320054144,lassosum2
O03,8,M10,0.5484288001769209,C+T
O03,9,A69,0.548148998549369,C+T
O03,10,S92,0.5464373613248721,C+T
O26,1,E23,0.6368445466794866,C+T
O26,2,K81,0.6355370604118666,C+T
O26,3,B35,0.6345030676113368,C+T
O26,4,K03,0.6171005595822565,C+T
O26,5,J20,0.6166092572302367,lassosum2
O26,6,D70,0.6140678116270011,lassosum2
O26,7,H04,0.6111437988369222,lassosum2
O26,8,O20,0.6093753124795289,C+T
O26,9,G97,0.6085951030227421,lassosum2
O26,10,K08,0.6062749894040518,C+T
S22,1,S22,0.5341499386044674,LDpred2
S22,2,W19,0.5324862525420421,LDpred2
S22,3,M81,0.5309722063588261,LDpred2
S22,4,S52,0.5274852983151386,LDpred2
S22,5,S82,0.5249797055800636,LDpred2
S22,6,S32,0.5248626375200958,LDpred2
S22,7,S42,0.5237007425009524,LDpred2
S22,8,S72,0.5222714393710535,LDpred2
S22,9,S62,0.5212007380900404,LDpred2
S22,10,F39,0.5204725114689784,LDpred2
S32,1,M81,0.541188063194081,LDpred2
S32,2,S72,0.5343176542205559,LDpred2
S32,3,W19,0.5320722743107912,LDpred2
S32,4,S42,0.5309197151975723,LDpred2
S32,5,S22,0.528162057763841,LDpred2
S32,6,S52,0.5279113240160949,LDpred2
S32,7,S32,0.5272387448280385,LDpred2
S32,8,M94,0.5196119036090566,LDpred2
S32,9,S02,0.5157638887691481,LDpred2
S32,10,F05,0.5150527729040875,C+T
S42,1,S52,0.5391238181513935,LDpred2
S42,2,S42,0.5382757628229293,LDpred2
S42,3,W19,0.5340515233516816,LDpred2
S42,4,M81,0.5311406499105352,LDpred2
S42,5,S72,0.5306950059131122,LDpred2
S42,6,S92,0.5262606851910068,LDpred2
S42,7,M94,0.5255946022569287,lassosum2
S42,8,S82,0.5223385084595119,LDpred2
S42,9,S32,0.5183011061241866,LDpred2
S42,10,S62,0.5167494998984847,LDpred2
S52,1,S52,0.5790791774148816,LDpred2
S52,2,S82,0.5556318600880571,LDpred2
S52,3,W19,0.5498241211379389,LDpred2
S52,4,S42,0.5461470688520765,lassosum2
S52,5,S62,0.5438114258790023,lassosum2
S52,6,S92,0.5382001411934094,lassosum2
S52,7,M81,0.537021454716656,LDpred2
S52,8,S72,0.5244444867529912,LDpred2
S52,9,M94,0.5230719248220617,lassosum2
S52,10,S32,0.5217510762389392,LDpred2
S72,1,S72,0.5506784595969133,LDpred2
S72,2,W19,0.5421835143182886,LDpred2
S72,3,S52,0.5378951297120999,LDpred2
S72,4,M81,0.537533562437363,LDpred2
S72,5,S82,0.5374990895843702,LDpred2
S72,6,S42,0.5317412452463419,LDpred2
S72,7,M94,0.5271430794793495,lassosum2
S72,8,S32,0.5268687418201171,LDpred2
S72,9,S92,0.5245894469786608,LDpred2
S72,10,S22,0.5206764731832376,lassosum2
S82,1,S82,0.5443249150818824,LDpred2
S82,2,W19,0.5441444483970006,LDpred2
S82,3,S52,0.5417918725292883,LDpred2
S82,4,S92,0.5296310907555571,LDpred2
S82,5,S62,0.529347447151129,LDpred2
S82,6,S42,0.5284773946855036,LDpred2
S82,7,S32,0.5228695044025776,LDpred2
S82,8,S72,0.5215998100595234,LDpred2
S82,9,M81,0.5215234637917097,LDpred2
S82,10,S22,0.5197658014269194,LDpred2
